buildingBlocks;selectivity;maxToAverageRatio;averageLatency;averageBandwidth;averageCryptoTime;averageComputeTime;modelSize;failCheckPeriod;healthCheckPeriod;multicastSize;deadline;failureRate;adaptedFailures;backupToAggregatorsRatio;depth;fanout;groupSize;concentration;random;seed;status;work;latency;completeness;circulatingAggregateIds;finalInboundBandwidth;finalOutboundBandwidth;observedFailureRate;work_Querier;failures_Querier;messages_Querier;initial_nodes_Querier;final_nodes_Querier;inbound_bandwidth_Querier;outbound_bandwidth_Querier;work_Aggregator;failures_Aggregator;messages_Aggregator;initial_nodes_Aggregator;final_nodes_Aggregator;inbound_bandwidth_Aggregator;outbound_bandwidth_Aggregator;work_LeafAggregator;failures_LeafAggregator;messages_LeafAggregator;initial_nodes_LeafAggregator;final_nodes_LeafAggregator;inbound_bandwidth_LeafAggregator;outbound_bandwidth_LeafAggregator;work_Contributor;failures_Contributor;messages_Contributor;initial_nodes_Contributor;final_nodes_Contributor;inbound_bandwidth_Contributor;outbound_bandwidth_Contributor;work_Backup;failures_Backup;messages_Backup;initial_nodes_Backup;final_nodes_Backup;inbound_bandwidth_Backup;outbound_bandwidth_Backup;name
LFP,Replace,Stay,NonBlocking;0,10;10,00;0,03;6000,00;0,01;0,00;1024,00;100,00;3,00;5,00;50000000,00;50;true;0,50;3,00;8,00;5,00;0,00;false;0;Success;605,38;4,09;98,63;91,00;3101696,00;3101696,00;1,81;0,82;0,00;16,00;1,00;1,00;0,00;0,00;21,50;0,00;420,00;45,00;45,00;202752,00;0,00;131,07;0,00;6089,00;320,00;325,00;718848,00;0,00;451,98;0,00;551,00;512,00;512,00;5281792,00;0,00;0,00;0,00;0,00;160,00;155,00;0,00;0,00;LFP-Replace-Stay-NonBlocking-m1024-f50-d3-s0
LFP,Replace,Stay,NonBlocking;0,10;10,00;0,03;6000,00;0,01;0,00;1024,00;100,00;3,00;5,00;50000000,00;50;true;0,50;4,00;8,00;5,00;0,00;false;0;Success;4913,36;7,98;98,80;943,00;25800704,00;25800704,00;2,47;3,17;0,00;62,00;1,00;1,00;0,00;0,00;213,86;0,00;4177,00;365,00;372,00;2949120,00;0,00;1058,52;0,00;51568,00;2560,00;2606,00;6238208,00;0,00;3637,81;0,00;4452,00;4096,00;4096,00;42414080,00;0,00;0,00;0,00;0,00;1280,00;1227,00;0,00;0,00;LFP-Replace-Stay-NonBlocking-m1024-f50-d4-s0
LFP,Replace,Stay,NonBlocking;0,10;10,00;0,03;6000,00;0,01;0,00;1024,00;100,00;3,00;5,00;50000000,00;50;true;0,50;5,00;8,00;5,00;0,00;false;0;Success;61684,12;175,46;0,00;64502,00;507307008,00;507307008,00;41,86;161,59;0,00;3156,00;1,00;1,00;0,00;0,00;12195,17;0,00;245421,00;2925,00;3997,00;397811712,00;0,00;11025,93;0,00;1144898,00;20480,00;27850,00;182996992,00;0,00;38301,43;0,00;81399,00;32768,00;32768,00;433805312,00;0,00;0,00;0,00;0,00;10240,00;1798,00;0,00;0,00;LFP-Replace-Stay-NonBlocking-m1024-f50-d5-s0
LFP,Replace,Stay,NonBlocking;0,10;10,00;0,03;6000,00;0,01;0,00;1024,00;100,00;3,00;5,00;50000000,00;0;true;0,50;4,00;8,00;5,00;0,00;false;0;Success;4772,10;4,19;100,00;585,00;23966720,00;23966720,00;0,00;0,26;0,00;5,00;1,00;1,00;0,00;0,00;149,50;0,00;2920,00;365,00;365,00;747520,00;0,00;1048,58;0,00;46080,00;2560,00;2560,00;5242880,00;0,00;3573,76;0,00;4096,00;4096,00;4096,00;41943040,00;0,00;0,00;0,00;0,00;1280,00;1280,00;0,00;0,00;LFP-Replace-Stay-NonBlocking-m1024-f0-d4-s0
LFP,Replace,Stay,NonBlocking;0,10;10,00;0,03;6000,00;0,01;0,00;1024,00;100,00;3,00;5,00;50000000,00;25;true;0,50;4,00;8,00;5,00;0,00;false;0;Success;4847,35;6,96;99,39;764,00;24932352,00;24932352,00;1,36;2,71;0,00;53,00;1,00;1,00;0,00;0,00;182,94;0,00;3573,00;365,00;368,00;1927168,00;0,00;1051,96;0,00;48729,00;2560,00;2585,00;5746688,00;0,00;3609,74;0,00;4295,00;4096,00;4096,00;42190848,00;0,00;0,00;0,00;0,00;1280,00;1252,00;0,00;0,00;LFP-Replace-Stay-NonBlocking-m1024-f25-d4-s0
LFP,Replace,Stay,NonBlocking;0,10;10,00;0,03;6000,00;0,01;0,00;1024,00;100,00;3,00;5,00;50000000,00;50;true;0,50;4,00;8,00;5,00;0,00;false;0;Success;4913,36;7,98;98,80;943,00;25800704,00;25800704,00;2,47;3,17;0,00;62,00;1,00;1,00;0,00;0,00;213,86;0,00;4177,00;365,00;372,00;2949120,00;0,00;1058,52;0,00;51568,00;2560,00;2606,00;6238208,00;0,00;3637,81;0,00;4452,00;4096,00;4096,00;42414080,00;0,00;0,00;0,00;0,00;1280,00;1227,00;0,00;0,00;LFP-Replace-Stay-NonBlocking-m1024-f50-d4-s0
LFP,Replace,Stay,NonBlocking;0,10;10,00;0,03;6000,00;0,01;0,00;1024,00;100,00;3,00;5,00;50000000,00;75;true;0,50;4,00;8,00;5,00;0,00;false;0;Success;6156,19;30,92;95,78;4254,00;40882176,00;40882176,00;17,58;25,14;0,00;491,00;1,00;1,00;0,00;0,00;711,38;0,00;13928,00;365,00;425,00;19324928,00;0,00;1207,07;0,00;94573,00;2560,00;3019,00;14358528,00;0,00;4212,61;0,00;7352,00;4096,00;4096,00;48080896,00;0,00;0,00;0,00;0,00;1280,00;761,00;0,00;0,00;LFP-Replace-Stay-NonBlocking-m1024-f75-d4-s0
LFP,Replace,Stay,NonBlocking;0,10;10,00;0,03;6000,00;0,01;0,00;1024,00;100,00;3,00;5,00;50000000,00;90;true;0,50;4,00;8,00;5,00;0,00;false;0;Success;6924,59;33,89;0,00;6472,00;50840576,00;50840576,00;48,21;21,09;0,00;412,00;1,00;1,00;0,00;0,00;1034,43;0,00;21661,00;365,00;493,00;29345792,00;0,00;1287,40;0,00;128905,00;2560,00;3471,00;20998144,00;0,00;4581,67;0,00;9321,00;4096,00;4096,00;51337216,00;0,00;0,00;0,00;0,00;1280,00;241,00;0,00;0,00;LFP-Replace-Stay-NonBlocking-m1024-f90-d4-s0
LFP,Replace,Stay,NonBlocking;0,10;10,00;0,03;6000,00;0,01;0,00;1024,00;100,00;3,00;5,00;50000000,00;50;true;0,50;4,00;8,00;5,00;0,00;false;0;Success;4913,36;7,98;98,80;943,00;25800704,00;25800704,00;2,47;3,17;0,00;62,00;1,00;1,00;0,00;0,00;213,86;0,00;4177,00;365,00;372,00;2949120,00;0,00;1058,52;0,00;51568,00;2560,00;2606,00;6238208,00;0,00;3637,81;0,00;4452,00;4096,00;4096,00;42414080,00;0,00;0,00;0,00;0,00;1280,00;1227,00;0,00;0,00;LFP-Replace-Stay-NonBlocking-m1024-f50-d4-s0
LFP,Replace,Stay,NonBlocking;0,10;10,00;0,03;6000,00;0,01;0,00;4096,00;100,00;3,00;5,00;50000000,00;50;true;0,50;4,00;8,00;5,00;0,00;false;0;Success;19689,94;42,34;98,93;1166,00;108380160,00;108380160,00;3,26;22,32;0,00;109,00;1,00;1,00;0,00;0,00;1031,37;0,00;5036,00;365,00;375,00;18563072,00;0,00;4258,76;0,00;54797,00;2560,00;2622,00;27500544,00;0,00;14377,48;0,00;4587,00;4096,00;4096,00;170696704,00;0,00;0,00;0,00;0,00;1280,00;1208,00;0,00;0,00;LFP-Replace-Stay-NonBlocking-m4096-f50-d4-s0
LFP,Replace,Stay,NonBlocking;0,10;10,00;0,03;6000,00;0,01;0,00;16384,00;100,00;3,00;5,00;50000000,00;50;true;0,50;4,00;8,00;5,00;0,00;false;0;Success;78414,77;165,42;98,93;1162,00;432816128,00;432816128,00;3,17;85,20;0,00;104,00;1,00;1,00;0,00;0,00;4113,20;0,00;5021,00;365,00;375,00;73531392,00;0,00;17028,65;0,00;54880,00;2560,00;2622,00;109838336,00;0,00;57187,71;0,00;4587,00;4096,00;4096,00;682262528,00;0,00;0,00;0,00;0,00;1280,00;1208,00;0,00;0,00;LFP-Replace-Stay-NonBlocking-m16384-f50-d4-s0
LFP,Replace,Stay,NonBlocking;0,10;10,00;0,03;6000,00;0,01;0,00;65536,00;100,00;3,00;5,00;50000000,00;50;true;0,50;4,00;8,00;5,00;0,00;false;0;Success;312588,11;615,16;98,93;1111,00;1717370880,00;1717370880,00;3,00;281,80;0,00;86,00;1,00;1,00;0,00;0,00;16105,47;0,00;4915,00;365,00;375,00;273809408,00;0,00;67989,45;0,00;54452,00;2560,00;2619,00;436076544,00;0,00;228211,38;0,00;4563,00;4096,00;4096,00;2724855808,00;0,00;0,00;0,00;0,00;1280,00;1211,00;0,00;0,00;LFP-Replace-Stay-NonBlocking-m65536-f50-d4-s0
LFP,Replace,Stay,NonBlocking;0,10;10,00;0,03;6000,00;0,01;0,00;262144,00;100,00;3,00;5,00;50000000,00;50;true;0,50;4,00;8,00;5,00;0,00;false;0;Success;1250726,12;2512,43;98,93;1127,00;6890455040,00;6890455040,00;3,02;1192,76;0,00;91,00;1,00;1,00;0,00;0,00;64841,32;0,00;4947,00;365,00;375,00;1125122048,00;0,00;272120,98;0,00;54525,00;2560,00;2619,00;1747976192,00;0,00;912571,06;0,00;4563,00;4096,00;4096,00;10907811840,00;0,00;0,00;0,00;0,00;1280,00;1211,00;0,00;0,00;LFP-Replace-Stay-NonBlocking-m262144-f50-d4-s0
LFP,Drop,Stop,FullSync;0,10;10,00;0,03;6000,00;0,01;0,00;1024,00;100,00;3,00;5,00;50000000,00;50;true;0,50;3,00;8,00;5,00;0,00;false;0;Success;587,93;3,63;95,46;70,00;2923520,00;2923520,00;1,82;0,26;0,00;5,00;1,00;1,00;0,00;0,00;17,92;0,00;2030,00;45,00;45,00;92160,00;0,00;125,59;0,00;4938,00;320,00;320,00;634880,00;0,00;444,16;0,00;512,00;512,00;512,00;5120000,00;0,00;0,00;0,00;0,00;;;0,00;0,00;LFP-Drop-Stop-FullSync-m1024-f50-d3-s0
LFP,Drop,Stop,FullSync;0,10;10,00;0,03;6000,00;0,01;0,00;1024,00;100,00;3,00;5,00;50000000,00;50;true;0,50;4,00;8,00;5,00;0,00;false;0;Success;4712,53;4,22;93,22;556,00;23469056,00;23469056,00;1,25;0,26;0,00;5,00;1,00;1,00;0,00;0,00;144,54;0,00;15575,00;365,00;365,00;716800,00;0,00;1027,23;0,00;40497,00;2560,00;2560,00;5076992,00;0,00;3540,51;0,00;4096,00;4096,00;4096,00;41144320,00;0,00;0,00;0,00;0,00;;;0,00;0,00;LFP-Drop-Stop-FullSync-m1024-f50-d4-s0
LFP,Drop,Stop,FullSync;0,10;10,00;0,03;6000,00;0,01;0,00;1024,00;100,00;3,00;5,00;50000000,00;50;true;0,50;5,00;8,00;5,00;0,00;false;0;Success;37452,83;4,77;91,56;4483,00;185631744,00;185631744,00;1,16;0,26;0,00;5,00;1,00;1,00;0,00;0,00;1152,92;0,00;125037,00;2925,00;2925,00;5750784,00;0,00;8074,55;0,00;317031,00;20480,00;20480,00;40699904,00;0,00;28225,11;0,00;32763,00;32768,00;32768,00;324812800,00;0,00;0,00;0,00;0,00;;;0,00;0,00;LFP-Drop-Stop-FullSync-m1024-f50-d5-s0
LFP,Drop,Stop,FullSync;0,10;10,00;0,03;6000,00;0,01;0,00;1024,00;100,00;3,00;5,00;50000000,00;0;true;0,50;4,00;8,00;5,00;0,00;false;0;Success;4772,10;4,32;100,00;585,00;23966720,00;23966720,00;0,00;0,26;0,00;5,00;1,00;1,00;0,00;0,00;149,50;0,00;16060,00;365,00;365,00;747520,00;0,00;1048,58;0,00;40960,00;2560,00;2560,00;5242880,00;0,00;3573,76;0,00;4096,00;4096,00;4096,00;41943040,00;0,00;0,00;0,00;0,00;;;0,00;0,00;LFP-Drop-Stop-FullSync-m1024-f0-d4-s0
LFP,Drop,Stop,FullSync;0,10;10,00;0,03;6000,00;0,01;0,00;1024,00;100,00;3,00;5,00;50000000,00;25;true;0,50;4,00;8,00;5,00;0,00;false;0;Success;4738,95;4,27;98,65;578,00;23654400,00;23654400,00;0,84;0,26;0,00;5,00;1,00;1,00;0,00;0,00;149,76;0,00;16165,00;365,00;365,00;747520,00;0,00;1031,37;0,00;40579,00;2560,00;2560,00;5253120,00;0,00;3557,56;0,00;4096,00;4096,00;4096,00;41308160,00;0,00;0,00;0,00;0,00;;;0,00;0,00;LFP-Drop-Stop-FullSync-m1024-f25-d4-s0
LFP,Drop,Stop,FullSync;0,10;10,00;0,03;6000,00;0,01;0,00;1024,00;100,00;3,00;5,00;50000000,00;50;true;0,50;4,00;8,00;5,00;0,00;false;0;Success;4712,53;4,22;93,22;556,00;23469056,00;23469056,00;1,25;0,26;0,00;5,00;1,00;1,00;0,00;0,00;144,54;0,00;15575,00;365,00;365,00;716800,00;0,00;1027,23;0,00;40497,00;2560,00;2560,00;5076992,00;0,00;3540,51;0,00;4096,00;4096,00;4096,00;41144320,00;0,00;0,00;0,00;0,00;;;0,00;0,00;LFP-Drop-Stop-FullSync-m1024-f50-d4-s0
LFP,Drop,Stop,FullSync;0,10;10,00;0,03;6000,00;0,01;0,00;1024,00;100,00;3,00;5,00;50000000,00;75;true;0,50;4,00;8,00;5,00;0,00;false;0;Success;4604,78;4,13;87,49;535,00;22017024,00;22017024,00;2,53;0,26;0,00;5,00;1,00;1,00;0,00;0,00;138,70;0,00;15373,00;365,00;365,00;704512,00;0,00;953,45;0,00;37786,00;2560,00;2560,00;4909056,00;0,00;3512,38;0,00;4096,00;4096,00;4096,00;38420480,00;0,00;0,00;0,00;0,00;;;0,00;0,00;LFP-Drop-Stop-FullSync-m1024-f75-d4-s0
LFP,Drop,Stop,FullSync;0,10;10,00;0,03;6000,00;0,01;0,00;1024,00;100,00;3,00;5,00;50000000,00;90;true;0,50;4,00;8,00;5,00;0,00;false;0;Success;4226,43;4,12;73,00;458,00;19441664,00;19441664,00;6,15;0,26;0,00;5,00;1,00;1,00;0,00;0,00;125,70;0,00;14415,00;365,00;365,00;643072,00;0,00;820,02;0,00;33231,00;2560,00;2560,00;4427776,00;0,00;3280,46;0,00;4094,00;4096,00;4096,00;33812480,00;0,00;0,00;0,00;0,00;;;0,00;0,00;LFP-Drop-Stop-FullSync-m1024-f90-d4-s0
LFP,Drop,Stop,FullSync;0,10;10,00;0,03;6000,00;0,01;0,00;1024,00;100,00;3,00;5,00;50000000,00;50;true;0,50;4,00;8,00;5,00;0,00;false;0;Success;4712,53;4,22;93,22;556,00;23469056,00;23469056,00;1,25;0,26;0,00;5,00;1,00;1,00;0,00;0,00;144,54;0,00;15575,00;365,00;365,00;716800,00;0,00;1027,23;0,00;40497,00;2560,00;2560,00;5076992,00;0,00;3540,51;0,00;4096,00;4096,00;4096,00;41144320,00;0,00;0,00;0,00;0,00;;;0,00;0,00;LFP-Drop-Stop-FullSync-m1024-f50-d4-s0
LFP,Drop,Stop,FullSync;0,10;10,00;0,03;6000,00;0,01;0,00;4096,00;100,00;3,00;5,00;50000000,00;50;true;0,50;4,00;8,00;5,00;0,00;false;0;Success;18618,95;15,71;92,93;558,00;93868032,00;93868032,00;1,18;1,02;0,00;5,00;1,00;1,00;0,00;0,00;577,95;0,00;15730,00;365,00;365,00;2899968,00;0,00;4110,13;0,00;40509,00;2560,00;2560,00;20258816,00;0,00;13929,85;0,00;4096,00;4096,00;4096,00;164577280,00;0,00;0,00;0,00;0,00;;;0,00;0,00;LFP-Drop-Stop-FullSync-m4096-f50-d4-s0
LFP,Drop,Stop,FullSync;0,10;10,00;0,03;6000,00;0,01;0,00;16384,00;100,00;3,00;5,00;50000000,00;50;true;0,50;4,00;8,00;5,00;0,00;false;0;Success;74210,68;61,00;92,93;555,00;374865920,00;374865920,00;1,17;4,10;0,00;5,00;1,00;1,00;0,00;0,00;2281,47;0,00;15693,00;365,00;365,00;11468800,00;0,00;16441,34;0,00;40410,00;2560,00;2560,00;79953920,00;0,00;55483,76;0,00;4096,00;4096,00;4096,00;658309120,00;0,00;0,00;0,00;0,00;;;0,00;0,00;LFP-Drop-Stop-FullSync-m16384-f50-d4-s0
LFP,Drop,Stop,FullSync;0,10;10,00;0,03;6000,00;0,01;0,00;65536,00;100,00;3,00;5,00;50000000,00;50;true;0,50;4,00;8,00;5,00;0,00;false;0;Success;296590,71;242,87;92,93;555,00;1499136000,00;1499136000,00;1,17;16,38;0,00;5,00;1,00;1,00;0,00;0,00;9109,50;0,00;15664,00;365,00;365,00;45875200,00;0,00;65765,38;0,00;40390,00;2560,00;2560,00;319160320,00;0,00;221699,44;0,00;4096,00;4096,00;4096,00;2633236480,00;0,00;0,00;0,00;0,00;;;0,00;0,00;LFP-Drop-Stop-FullSync-m65536-f50-d4-s0
LFP,Drop,Stop,FullSync;0,10;10,00;0,03;6000,00;0,01;0,00;262144,00;100,00;3,00;5,00;50000000,00;50;true;0,50;4,00;8,00;5,00;0,00;false;0;Success;1186127,22;970,32;92,93;555,00;5996544000,00;5996544000,00;1,17;65,54;0,00;5,00;1,00;1,00;0,00;0,00;36438,02;0,00;15664,00;365,00;365,00;183500800,00;0,00;263061,50;0,00;40390,00;2560,00;2560,00;1276641280,00;0,00;886562,17;0,00;4096,00;4096,00;4096,00;10532945920,00;0,00;0,00;0,00;0,00;;;0,00;0,00;LFP-Drop-Stop-FullSync-m262144-f50-d4-s0
LFP,Replace,0Resync,NonBlocking;0,10;10,00;0,03;6000,00;0,01;0,00;1024,00;100,00;3,00;5,00;50000000,00;50;true;0,50;3,00;8,00;5,00;0,00;false;0;Success;595,00;4,33;94,34;96,00;3081216,00;3081216,00;1,92;1,02;0,00;20,00;1,00;1,00;0,00;0,00;21,56;0,00;445,00;45,00;45,00;268288,00;0,00;128,26;0,00;5893,00;320,00;326,00;692224,00;0,00;444,16;0,00;512,00;512,00;512,00;5201920,00;0,00;0,00;0,00;0,00;20,00;14,00;0,00;0,00;LFP-Replace-0Resync-NonBlocking-m1024-f50-d3-s0
LFP,Replace,0Resync,NonBlocking;0,10;10,00;0,03;6000,00;0,01;0,00;1024,00;100,00;3,00;5,00;50000000,00;50;true;0,50;4,00;8,00;5,00;0,00;false;0;Success;4854,24;10,18;96,00;1117,00;26191872,00;26191872,00;3,08;5,53;0,00;108,00;1,00;1,00;0,00;0,00;248,12;0,00;5060,00;365,00;375,00;4681728,00;0,00;1032,81;0,00;51757,00;2560,00;2614,00;6393856,00;0,00;3567,79;0,00;4096,00;4096,00;4096,00;41308160,00;0,00;0,00;0,00;0,00;160,00;96,00;0,00;0,00;LFP-Replace-0Resync-NonBlocking-m1024-f50-d4-s0
LFP,Replace,0Resync,NonBlocking;0,10;10,00;0,03;6000,00;0,01;0,00;1024,00;100,00;3,00;5,00;50000000,00;50;true;0,50;5,00;8,00;5,00;0,00;false;0;Success;41360,76;93,28;0,00;20997,00;267867136,00;267867136,00;23,25;50,89;0,00;994,00;1,00;1,00;0,00;0,00;4466,25;0,00;97664,00;2925,00;3079,00;136988672,00;0,00;8291,14;0,00;500679,00;20480,00;21566,00;66498560,00;0,00;28552,47;0,00;32763,00;32768,00;32768,00;332247040,00;0,00;0,00;0,00;0,00;1280,00;40,00;0,00;0,00;LFP-Replace-0Resync-NonBlocking-m1024-f50-d5-s0
LFP,Replace,0Resync,NonBlocking;0,10;10,00;0,03;6000,00;0,01;0,00;1024,00;100,00;3,00;5,00;50000000,00;0;true;0,50;4,00;8,00;5,00;0,00;false;0;Success;4772,10;4,19;100,00;585,00;23966720,00;23966720,00;0,00;0,26;0,00;5,00;1,00;1,00;0,00;0,00;149,50;0,00;2920,00;365,00;365,00;747520,00;0,00;1048,58;0,00;46080,00;2560,00;2560,00;5242880,00;0,00;3573,76;0,00;4096,00;4096,00;4096,00;41943040,00;0,00;0,00;0,00;0,00;160,00;160,00;0,00;0,00;LFP-Replace-0Resync-NonBlocking-m1024-f0-d4-s0
LFP,Replace,0Resync,NonBlocking;0,10;10,00;0,03;6000,00;0,01;0,00;1024,00;100,00;3,00;5,00;50000000,00;25;true;0,50;4,00;8,00;5,00;0,00;false;0;Success;4775,79;4,91;98,29;676,00;24280064,00;24280064,00;1,01;0,61;0,00;12,00;1,00;1,00;0,00;0,00;167,37;0,00;3325,00;365,00;368,00;1462272,00;0,00;1036,60;0,00;46996,00;2560,00;2574,00;5462016,00;0,00;3571,20;0,00;4096,00;4096,00;4096,00;41635840,00;0,00;0,00;0,00;0,00;160,00;143,00;0,00;0,00;LFP-Replace-0Resync-NonBlocking-m1024-f25-d4-s0
LFP,Replace,0Resync,NonBlocking;0,10;10,00;0,03;6000,00;0,01;0,00;1024,00;100,00;3,00;5,00;50000000,00;50;true;0,50;4,00;8,00;5,00;0,00;false;0;Success;4854,24;10,18;96,00;1117,00;26191872,00;26191872,00;3,08;5,53;0,00;108,00;1,00;1,00;0,00;0,00;248,12;0,00;5060,00;365,00;375,00;4681728,00;0,00;1032,81;0,00;51757,00;2560,00;2614,00;6393856,00;0,00;3567,79;0,00;4096,00;4096,00;4096,00;41308160,00;0,00;0,00;0,00;0,00;160,00;96,00;0,00;0,00;LFP-Replace-0Resync-NonBlocking-m1024-f50-d4-s0
LFP,Replace,0Resync,NonBlocking;0,10;10,00;0,03;6000,00;0,01;0,00;1024,00;100,00;3,00;5,00;50000000,00;75;true;0,50;4,00;8,00;5,00;0,00;false;0;Success;5273,88;74,49;69,68;3332,00;36102144,00;36102144,00;44,12;67,79;0,00;1324,00;1,00;1,00;0,00;0,00;624,93;0,00;13935,00;365,00;383,00;21753856,00;0,00;1021,04;0,00;69287,00;2560,00;2696,00;9521152,00;0,00;3560,12;0,00;4096,00;4096,00;4096,00;40929280,00;0,00;0,00;0,00;0,00;160,00;6,00;0,00;0,00;LFP-Replace-0Resync-NonBlocking-m1024-f75-d4-s0
LFP,Replace,0Resync,NonBlocking;0,10;10,00;0,03;6000,00;0,01;0,00;1024,00;100,00;3,00;5,00;50000000,00;90;true;0,50;4,00;8,00;5,00;0,00;false;0;Success;4947,44;15,72;0,00;1981,00;30282752,00;30282752,00;22,94;1,43;0,00;28,00;1,00;1,00;0,00;0,00;442,25;0,00;10372,00;365,00;383,00;12752896,00;0,00;967,55;0,00;61538,00;2560,00;2696,00;8224768,00;0,00;3536,21;0,00;4094,00;4096,00;4096,00;39587840,00;0,00;0,00;0,00;0,00;160,00;6,00;0,00;0,00;LFP-Replace-0Resync-NonBlocking-m1024-f90-d4-s0
LFP,Replace,0Resync,NonBlocking;0,10;10,00;0,03;6000,00;0,01;0,00;1024,00;100,00;3,00;5,00;50000000,00;50;true;0,50;4,00;8,00;5,00;0,00;false;0;Success;4854,24;10,18;96,00;1117,00;26191872,00;26191872,00;3,08;5,53;0,00;108,00;1,00;1,00;0,00;0,00;248,12;0,00;5060,00;365,00;375,00;4681728,00;0,00;1032,81;0,00;51757,00;2560,00;2614,00;6393856,00;0,00;3567,79;0,00;4096,00;4096,00;4096,00;41308160,00;0,00;0,00;0,00;0,00;160,00;96,00;0,00;0,00;LFP-Replace-0Resync-NonBlocking-m1024-f50-d4-s0
LFP,Replace,0Resync,NonBlocking;0,10;10,00;0,03;6000,00;0,01;0,00;4096,00;100,00;3,00;5,00;50000000,00;50;true;0,50;4,00;8,00;5,00;0,00;false;0;Success;19165,32;42,13;95,85;1125,00;105627648,00;105627648,00;3,24;19,46;0,00;95,00;1,00;1,00;0,00;0,00;1045,91;0,00;5347,00;365,00;375,00;20480000,00;0,00;4115,51;0,00;52853,00;2560,00;2620,00;26198016,00;0,00;13984,45;0,00;4096,00;4096,00;4096,00;164577280,00;0,00;0,00;0,00;0,00;160,00;90,00;0,00;0,00;LFP-Replace-0Resync-NonBlocking-m4096-f50-d4-s0
LFP,Replace,0Resync,NonBlocking;0,10;10,00;0,03;6000,00;0,01;0,00;16384,00;100,00;3,00;5,00;50000000,00;50;true;0,50;4,00;8,00;5,00;0,00;false;0;Success;76183,95;166,24;96,04;1136,00;422412288,00;422412288,00;3,19;80,28;0,00;98,00;1,00;1,00;0,00;0,00;4169,73;0,00;5333,00;365,00;376,00;81821696,00;0,00;16450,18;0,00;52854,00;2560,00;2621,00;104693760,00;0,00;55483,76;0,00;4096,00;4096,00;4096,00;658309120,00;0,00;0,00;0,00;0,00;160,00;88,00;0,00;0,00;LFP-Replace-0Resync-NonBlocking-m16384-f50-d4-s0
LFP,Replace,0Resync,NonBlocking;0,10;10,00;0,03;6000,00;0,01;0,00;65536,00;100,00;3,00;5,00;50000000,00;50;true;0,50;4,00;8,00;5,00;0,00;false;0;Success;305220,80;710,19;95,85;1187,00;1707802624,00;1707802624,00;3,39;350,62;0,00;107,00;1,00;1,00;0,00;0,00;17403,08;0,00;5579,00;365,00;376,00;355598336,00;0,00;65767,66;0,00;53576,00;2560,00;2627,00;426770432,00;0,00;221699,44;0,00;4096,00;4096,00;4096,00;2633236480,00;0,00;0,00;0,00;0,00;160,00;82,00;0,00;0,00;LFP-Replace-0Resync-NonBlocking-m65536-f50-d4-s0
LFP,Replace,0Resync,NonBlocking;0,10;10,00;0,03;6000,00;0,01;0,00;262144,00;100,00;3,00;5,00;50000000,00;50;true;0,50;4,00;8,00;5,00;0,00;false;0;Success;1217245,81;2617,29;96,09;1117,00;6747324416,00;6747324416,00;3,12;1166,54;0,00;89,00;1,00;1,00;0,00;0,00;66453,50;0,00;5310,00;365,00;375,00;1283981312,00;0,00;263063,60;0,00;52910,00;2560,00;2620,00;1677721600,00;0,00;886562,17;0,00;4096,00;4096,00;4096,00;10532945920,00;0,00;0,00;0,00;0,00;160,00;90,00;0,00;0,00;LFP-Replace-0Resync-NonBlocking-m262144-f50-d4-s0
LFP,Replace,Stay,NonBlocking;0,10;10,00;0,03;6000,00;0,01;0,00;1024,00;100,00;3,00;5,00;50000000,00;50;true;0,50;3,00;8,00;5,00;0,00;false;1;Success;604,04;3,79;99,80;74,00;3036160,00;3036160,00;1,25;0,26;0,00;5,00;1,00;1,00;0,00;0,00;18,69;0,00;365,00;45,00;45,00;92160,00;0,00;131,23;0,00;5830,00;320,00;325,00;665600,00;0,00;453,87;0,00;551,00;512,00;512,00;5314560,00;0,00;0,00;0,00;0,00;160,00;155,00;0,00;0,00;LFP-Replace-Stay-NonBlocking-m1024-f50-d3-s1
LFP,Replace,Stay,NonBlocking;0,10;10,00;0,03;6000,00;0,01;0,00;1024,00;100,00;3,00;5,00;50000000,00;50;true;0,50;4,00;8,00;5,00;0,00;false;1;Success;4894,68;7,01;99,19;828,00;25390080,00;25390080,00;2,09;2,41;0,00;47,00;1,00;1,00;0,00;0,00;197,07;0,00;3849,00;365,00;374,00;2224128,00;0,00;1057,78;0,00;50313,00;2560,00;2601,00;6053888,00;0,00;3637,42;0,00;4422,00;4096,00;4096,00;42502144,00;0,00;0,00;0,00;0,00;1280,00;1230,00;0,00;0,00;LFP-Replace-Stay-NonBlocking-m1024-f50-d4-s1
LFP,Replace,Stay,NonBlocking;0,10;10,00;0,03;6000,00;0,01;0,00;1024,00;100,00;3,00;5,00;50000000,00;50;true;0,50;5,00;8,00;5,00;0,00;false;1;Success;60789,26;146,83;0,00;59525,00;485465088,00;485465088,00;34,55;134,81;0,00;2633,00;1,00;1,00;0,00;0,00;11263,91;0,00;224559,00;2925,00;4036,00;359964672,00;0,00;11049,37;0,00;1082410,00;20480,00;27902,00;176707584,00;0,00;38341,17;0,00;81593,00;32768,00;32768,00;434257920,00;0,00;0,00;0,00;0,00;10240,00;1707,00;0,00;0,00;LFP-Replace-Stay-NonBlocking-m1024-f50-d5-s1
LFP,Replace,Stay,NonBlocking;0,10;10,00;0,03;6000,00;0,01;0,00;1024,00;100,00;3,00;5,00;50000000,00;0;true;0,50;4,00;8,00;5,00;0,00;false;1;Success;4772,10;4,19;100,00;585,00;23966720,00;23966720,00;0,00;0,26;0,00;5,00;1,00;1,00;0,00;0,00;149,50;0,00;2920,00;365,00;365,00;747520,00;0,00;1048,58;0,00;46080,00;2560,00;2560,00;5242880,00;0,00;3573,76;0,00;4096,00;4096,00;4096,00;41943040,00;0,00;0,00;0,00;0,00;1280,00;1280,00;0,00;0,00;LFP-Replace-Stay-NonBlocking-m1024-f0-d4-s1
LFP,Replace,Stay,NonBlocking;0,10;10,00;0,03;6000,00;0,01;0,00;1024,00;100,00;3,00;5,00;50000000,00;25;true;0,50;4,00;8,00;5,00;0,00;false;1;Success;4855,21;6,40;99,58;716,00;24878080,00;24878080,00;1,18;2,20;0,00;43,00;1,00;1,00;0,00;0,00;177,97;0,00;3476,00;365,00;371,00;1630208,00;0,00;1055,61;0,00;48512,00;2560,00;2589,00;5748736,00;0,00;3619,42;0,00;4328,00;4096,00;4096,00;42377216,00;0,00;0,00;0,00;0,00;1280,00;1245,00;0,00;0,00;LFP-Replace-Stay-NonBlocking-m1024-f25-d4-s1
LFP,Replace,Stay,NonBlocking;0,10;10,00;0,03;6000,00;0,01;0,00;1024,00;100,00;3,00;5,00;50000000,00;50;true;0,50;4,00;8,00;5,00;0,00;false;1;Success;4894,68;7,01;99,19;828,00;25390080,00;25390080,00;2,09;2,41;0,00;47,00;1,00;1,00;0,00;0,00;197,07;0,00;3849,00;365,00;374,00;2224128,00;0,00;1057,78;0,00;50313,00;2560,00;2601,00;6053888,00;0,00;3637,42;0,00;4422,00;4096,00;4096,00;42502144,00;0,00;0,00;0,00;0,00;1280,00;1230,00;0,00;0,00;LFP-Replace-Stay-NonBlocking-m1024-f50-d4-s1
LFP,Replace,Stay,NonBlocking;0,10;10,00;0,03;6000,00;0,01;0,00;1024,00;100,00;3,00;5,00;50000000,00;75;true;0,50;4,00;8,00;5,00;0,00;false;1;Success;7443,90;171,98;0,00;7777,00;55533568,00;55533568,00;99,99;165,89;0,00;3240,00;1,00;1,00;0,00;0,00;1212,32;0,00;24552,00;365,00;494,00;36474880,00;0,00;1345,63;0,00;349275,00;2560,00;3509,00;21221376,00;0,00;4720,07;0,00;9843,00;4096,00;4096,00;53370880,00;0,00;0,00;0,00;0,00;1280,00;202,00;0,00;0,00;LFP-Replace-Stay-NonBlocking-m1024-f75-d4-s1
LFP,Replace,Stay,NonBlocking;0,10;10,00;0,03;6000,00;0,01;0,00;1024,00;100,00;3,00;5,00;50000000,00;90;true;0,50;4,00;8,00;5,00;0,00;false;1;Success;7029,52;24,12;0,00;6326,00;50411520,00;50411520,00;34,28;13,16;0,00;257,00;1,00;1,00;0,00;0,00;980,06;0,00;20064,00;365,00;492,00;27095040,00;0,00;1318,12;0,00;131762,00;2560,00;3505,00;20852736,00;0,00;4718,18;0,00;9956,00;4096,00;4096,00;52875264,00;0,00;0,00;0,00;0,00;1280,00;208,00;0,00;0,00;LFP-Replace-Stay-NonBlocking-m1024-f90-d4-s1
LFP,Replace,Stay,NonBlocking;0,10;10,00;0,03;6000,00;0,01;0,00;1024,00;100,00;3,00;5,00;50000000,00;50;true;0,50;4,00;8,00;5,00;0,00;false;1;Success;4894,68;7,01;99,19;828,00;25390080,00;25390080,00;2,09;2,41;0,00;47,00;1,00;1,00;0,00;0,00;197,07;0,00;3849,00;365,00;374,00;2224128,00;0,00;1057,78;0,00;50313,00;2560,00;2601,00;6053888,00;0,00;3637,42;0,00;4422,00;4096,00;4096,00;42502144,00;0,00;0,00;0,00;0,00;1280,00;1230,00;0,00;0,00;LFP-Replace-Stay-NonBlocking-m1024-f50-d4-s1
LFP,Replace,Stay,NonBlocking;0,10;10,00;0,03;6000,00;0,01;0,00;4096,00;100,00;3,00;5,00;50000000,00;50;true;0,50;4,00;8,00;5,00;0,00;false;1;Success;19914,74;46,64;99,29;1227,00;110411776,00;110411776,00;3,60;27,03;0,00;132,00;1,00;1,00;0,00;0,00;1090,80;0,00;5333,00;365,00;381,00;20013056,00;0,00;4287,50;0,00;56409,00;2560,00;2643,00;28540928,00;0,00;14509,41;0,00;4753,00;4096,00;4096,00;172269568,00;0,00;0,00;0,00;0,00;1280,00;1181,00;0,00;0,00;LFP-Replace-Stay-NonBlocking-m4096-f50-d4-s1
LFP,Replace,Stay,NonBlocking;0,10;10,00;0,03;6000,00;0,01;0,00;16384,00;100,00;3,00;5,00;50000000,00;50;true;0,50;4,00;8,00;5,00;0,00;false;1;Success;79474,68;187,54;99,29;1247,00;444432384,00;444432384,00;3,62;98,30;0,00;120,00;1,00;1,00;0,00;0,00;4457,51;0,00;5449,00;365,00;381,00;83263488,00;0,00;17174,13;0,00;56791,00;2560,00;2645,00;115507200,00;0,00;57744,74;0,00;4769,00;4096,00;4096,00;690094080,00;0,00;0,00;0,00;0,00;1280,00;1179,00;0,00;0,00;LFP-Replace-Stay-NonBlocking-m16384-f50-d4-s1
LFP,Replace,Stay,NonBlocking;0,10;10,00;0,03;6000,00;0,01;0,00;65536,00;100,00;3,00;5,00;50000000,00;50;true;0,50;4,00;8,00;5,00;0,00;false;1;Success;317645,61;749,51;99,29;1251,00;1778778112,00;1778778112,00;3,62;393,22;0,00;120,00;1,00;1,00;0,00;0,00;17858,80;0,00;5458,00;365,00;381,00;335151104,00;0,00;68707,55;0,00;56943,00;2560,00;2645,00;462028800,00;0,00;230686,05;0,00;4769,00;4096,00;4096,00;2760376320,00;0,00;0,00;0,00;0,00;1280,00;1179,00;0,00;0,00;LFP-Replace-Stay-NonBlocking-m65536-f50-d4-s1
LFP,Replace,Stay,NonBlocking;0,10;10,00;0,03;6000,00;0,01;0,00;262144,00;100,00;3,00;5,00;50000000,00;50;true;0,50;4,00;8,00;5,00;0,00;false;1;Success;1278050,47;3246,43;99,27;1332,00;7229669376,00;7229669376,00;4,01;1795,69;0,00;137,00;1,00;1,00;0,00;0,00;75170,03;0,00;5743,00;365,00;382,00;1468530688,00;0,00;275922,79;0,00;58245,00;2560,00;2653,00;1908408320,00;0,00;925161,97;0,00;4831,00;4096,00;4096,00;11082399744,00;0,00;0,00;0,00;0,00;1280,00;1170,00;0,00;0,00;LFP-Replace-Stay-NonBlocking-m262144-f50-d4-s1
LFP,Drop,Stop,FullSync;0,10;10,00;0,03;6000,00;0,01;0,00;1024,00;100,00;3,00;5,00;50000000,00;50;true;0,50;3,00;8,00;5,00;0,00;false;1;Success;572,70;3,58;93,74;69,00;2846720,00;2846720,00;1,25;0,26;0,00;5,00;1,00;1,00;0,00;0,00;17,41;0,00;2000,00;45,00;45,00;92160,00;0,00;122,83;0,00;4804,00;320,00;320,00;614400,00;0,00;432,21;0,00;511,00;512,00;512,00;4986880,00;0,00;0,00;0,00;0,00;;;0,00;0,00;LFP-Drop-Stop-FullSync-m1024-f50-d3-s1
LFP,Drop,Stop,FullSync;0,10;10,00;0,03;6000,00;0,01;0,00;1024,00;100,00;3,00;5,00;50000000,00;50;true;0,50;4,00;8,00;5,00;0,00;false;1;Success;4539,01;4,17;88,02;524,00;22122496,00;22122496,00;1,15;0,26;0,00;5,00;1,00;1,00;0,00;0,00;135,37;0,00;14992,00;365,00;365,00;686080,00;0,00;967,73;0,00;37692,00;2560,00;2560,00;4739072,00;0,00;3435,65;0,00;4096,00;4096,00;4096,00;38819840,00;0,00;0,00;0,00;0,00;;;0,00;0,00;LFP-Drop-Stop-FullSync-m1024-f50-d4-s1
LFP,Drop,Stop,FullSync;0,10;10,00;0,03;6000,00;0,01;0,00;1024,00;100,00;3,00;5,00;50000000,00;50;true;0,50;5,00;8,00;5,00;0,00;false;1;Success;37554,64;4,82;93,52;4434,00;185210880,00;185210880,00;1,15;0,26;0,00;5,00;1,00;1,00;0,00;0,00;1143,60;0,00;124948,00;2925,00;2925,00;5783552,00;0,00;8080,79;0,00;316977,00;20480,00;20480,00;40050688,00;0,00;28329,99;0,00;32764,00;32768,00;32768,00;324587520,00;0,00;0,00;0,00;0,00;;;0,00;0,00;LFP-Drop-Stop-FullSync-m1024-f50-d5-s1
LFP,Drop,Stop,FullSync;0,10;10,00;0,03;6000,00;0,01;0,00;1024,00;100,00;3,00;5,00;50000000,00;0;true;0,50;4,00;8,00;5,00;0,00;false;1;Success;4772,10;4,32;100,00;585,00;23966720,00;23966720,00;0,00;0,26;0,00;5,00;1,00;1,00;0,00;0,00;149,50;0,00;16060,00;365,00;365,00;747520,00;0,00;1048,58;0,00;40960,00;2560,00;2560,00;5242880,00;0,00;3573,76;0,00;4096,00;4096,00;4096,00;41943040,00;0,00;0,00;0,00;0,00;;;0,00;0,00;LFP-Drop-Stop-FullSync-m1024-f0-d4-s1
LFP,Drop,Stop,FullSync;0,10;10,00;0,03;6000,00;0,01;0,00;1024,00;100,00;3,00;5,00;50000000,00;25;true;0,50;4,00;8,00;5,00;0,00;false;1;Success;4621,84;4,22;91,25;546,00;22444032,00;22444032,00;0,78;0,26;0,00;5,00;1,00;1,00;0,00;0,00;139,93;0,00;15497,00;365,00;365,00;714752,00;0,00;976,95;0,00;38198,00;2560,00;2560,00;4892672,00;0,00;3504,71;0,00;4096,00;4096,00;4096,00;39280640,00;0,00;0,00;0,00;0,00;;;0,00;0,00;LFP-Drop-Stop-FullSync-m1024-f25-d4-s1
LFP,Drop,Stop,FullSync;0,10;10,00;0,03;6000,00;0,01;0,00;1024,00;100,00;3,00;5,00;50000000,00;50;true;0,50;4,00;8,00;5,00;0,00;false;1;Success;4539,01;4,17;88,02;524,00;22122496,00;22122496,00;1,15;0,26;0,00;5,00;1,00;1,00;0,00;0,00;135,37;0,00;14992,00;365,00;365,00;686080,00;0,00;967,73;0,00;37692,00;2560,00;2560,00;4739072,00;0,00;3435,65;0,00;4096,00;4096,00;4096,00;38819840,00;0,00;0,00;0,00;0,00;;;0,00;0,00;LFP-Drop-Stop-FullSync-m1024-f50-d4-s1
LFP,Drop,Stop,FullSync;0,10;10,00;0,03;6000,00;0,01;0,00;1024,00;100,00;3,00;5,00;50000000,00;75;true;0,50;4,00;8,00;5,00;0,00;false;1;Success;4361,62;4,17;82,58;505,00;20785152,00;20785152,00;2,38;0,26;0,00;5,00;1,00;1,00;0,00;0,00;132,40;0,00;14810,00;365,00;365,00;673792,00;0,00;899,02;0,00;35611,00;2560,00;2560,00;4657152,00;0,00;3329,94;0,00;4096,00;4096,00;4096,00;36239360,00;0,00;0,00;0,00;0,00;;;0,00;0,00;LFP-Drop-Stop-FullSync-m1024-f75-d4-s1
LFP,Drop,Stop,FullSync;0,10;10,00;0,03;6000,00;0,01;0,00;1024,00;100,00;3,00;5,00;50000000,00;90;true;0,50;4,00;8,00;5,00;0,00;false;1;Success;3980,10;4,06;48,43;411,00;18249728,00;18249728,00;6,34;0,26;0,00;5,00;1,00;1,00;0,00;0,00;107,32;0,00;12129,00;365,00;365,00;530432,00;0,00;773,63;0,00;30880,00;2560,00;2560,00;4040704,00;0,00;3098,90;0,00;4095,00;4096,00;4096,00;31928320,00;0,00;0,00;0,00;0,00;;;0,00;0,00;LFP-Drop-Stop-FullSync-m1024-f90-d4-s1
LFP,Drop,Stop,FullSync;0,10;10,00;0,03;6000,00;0,01;0,00;1024,00;100,00;3,00;5,00;50000000,00;50;true;0,50;4,00;8,00;5,00;0,00;false;1;Success;4539,01;4,17;88,02;524,00;22122496,00;22122496,00;1,15;0,26;0,00;5,00;1,00;1,00;0,00;0,00;135,37;0,00;14992,00;365,00;365,00;686080,00;0,00;967,73;0,00;37692,00;2560,00;2560,00;4739072,00;0,00;3435,65;0,00;4096,00;4096,00;4096,00;38819840,00;0,00;0,00;0,00;0,00;;;0,00;0,00;LFP-Drop-Stop-FullSync-m1024-f50-d4-s1
LFP,Drop,Stop,FullSync;0,10;10,00;0,03;6000,00;0,01;0,00;4096,00;100,00;3,00;5,00;50000000,00;50;true;0,50;4,00;8,00;5,00;0,00;false;1;Success;17925,25;15,54;87,48;532,00;88854528,00;88854528,00;1,14;1,02;0,00;5,00;1,00;1,00;0,00;0,00;545,18;0,00;15106,00;365,00;365,00;2777088,00;0,00;3872,36;0,00;37838,00;2560,00;2560,00;19324928,00;0,00;13506,70;0,00;4096,00;4096,00;4096,00;155607040,00;0,00;0,00;0,00;0,00;;;0,00;0,00;LFP-Drop-Stop-FullSync-m4096-f50-d4-s1
LFP,Drop,Stop,FullSync;0,10;10,00;0,03;6000,00;0,01;0,00;16384,00;100,00;3,00;5,00;50000000,00;50;true;0,50;4,00;8,00;5,00;0,00;false;1;Success;71456,08;61,00;87,09;531,00;355188736,00;355188736,00;1,11;4,10;0,00;5,00;1,00;1,00;0,00;0,00;2170,06;0,00;15077,00;365,00;365,00;11108352,00;0,00;15491,07;0,00;37775,00;2560,00;2560,00;76840960,00;0,00;53790,85;0,00;4096,00;4096,00;4096,00;622428160,00;0,00;0,00;0,00;0,00;;;0,00;0,00;LFP-Drop-Stop-FullSync-m16384-f50-d4-s1
LFP,Drop,Stop,FullSync;0,10;10,00;0,03;6000,00;0,01;0,00;65536,00;100,00;3,00;5,00;50000000,00;50;true;0,50;4,00;8,00;5,00;0,00;false;1;Success;285558,92;242,87;87,09;530,00;1420165120,00;1420165120,00;1,11;16,38;0,00;5,00;1,00;1,00;0,00;0,00;8650,75;0,00;15068,00;365,00;365,00;43909120,00;0,00;61964,29;0,00;37755,00;2560,00;2560,00;306708480,00;0,00;214927,49;0,00;4096,00;4096,00;4096,00;2489712640,00;0,00;0,00;0,00;0,00;;;0,00;0,00;LFP-Drop-Stop-FullSync-m65536-f50-d4-s1
LFP,Drop,Stop,FullSync;0,10;10,00;0,03;6000,00;0,01;0,00;262144,00;100,00;3,00;5,00;50000000,00;50;true;0,50;4,00;8,00;5,00;0,00;false;1;Success;1141934,21;970,32;87,09;530,00;5679349760,00;5679349760,00;1,11;65,54;0,00;5,00;1,00;1,00;0,00;0,00;34537,47;0,00;15063,00;365,00;365,00;175636480,00;0,00;247857,15;0,00;37735,00;2560,00;2560,00;1224212480,00;0,00;859474,06;0,00;4096,00;4096,00;4096,00;9958850560,00;0,00;0,00;0,00;0,00;;;0,00;0,00;LFP-Drop-Stop-FullSync-m262144-f50-d4-s1
LFP,Replace,0Resync,NonBlocking;0,10;10,00;0,03;6000,00;0,01;0,00;1024,00;100,00;3,00;5,00;50000000,00;50;true;0,50;3,00;8,00;5,00;0,00;false;1;Success;589,41;3,53;93,55;71,00;2899968,00;2899968,00;1,25;0,26;0,00;5,00;1,00;1,00;0,00;0,00;18,02;0,00;372,00;45,00;45,00;108544,00;0,00;125,29;0,00;5531,00;320,00;325,00;622592,00;0,00;445,85;0,00;511,00;512,00;512,00;5068800,00;0,00;0,00;0,00;0,00;20,00;15,00;0,00;0,00;LFP-Replace-0Resync-NonBlocking-m1024-f50-d3-s1
LFP,Replace,0Resync,NonBlocking;0,10;10,00;0,03;6000,00;0,01;0,00;1024,00;100,00;3,00;5,00;50000000,00;50;true;0,50;4,00;8,00;5,00;0,00;false;1;Success;4864,65;10,70;94,75;1220,00;26478592,00;26478592,00;3,14;5,84;0,00;114,00;1,00;1,00;0,00;0,00;253,90;0,00;5238,00;365,00;377,00;5054464,00;0,00;1032,85;0,00;51788,00;2560,00;2630,00;6379520,00;0,00;3572,05;0,00;4096,00;4096,00;4096,00;41523200,00;0,00;0,00;0,00;0,00;160,00;78,00;0,00;0,00;LFP-Replace-0Resync-NonBlocking-m1024-f50-d4-s1
LFP,Replace,0Resync,NonBlocking;0,10;10,00;0,03;6000,00;0,01;0,00;1024,00;100,00;3,00;5,00;50000000,00;50;true;0,50;5,00;8,00;5,00;0,00;false;1;Success;40498,00;44,94;0,00;17253,00;250938368,00;250938368,00;10,91;11,42;0,00;223,00;1,00;1,00;0,00;0,00;3633,09;0,00;78323,00;2925,00;3068,00;107354112,00;0,00;8299,30;0,00;476054,00;20480,00;21581,00;62173184,00;0,00;28554,20;0,00;32764,00;32768,00;32768,00;332349440,00;0,00;0,00;0,00;0,00;1280,00;36,00;0,00;0,00;LFP-Replace-0Resync-NonBlocking-m1024-f50-d5-s1
LFP,Replace,0Resync,NonBlocking;0,10;10,00;0,03;6000,00;0,01;0,00;1024,00;100,00;3,00;5,00;50000000,00;0;true;0,50;4,00;8,00;5,00;0,00;false;1;Success;4772,10;4,19;100,00;585,00;23966720,00;23966720,00;0,00;0,26;0,00;5,00;1,00;1,00;0,00;0,00;149,50;0,00;2920,00;365,00;365,00;747520,00;0,00;1048,58;0,00;46080,00;2560,00;2560,00;5242880,00;0,00;3573,76;0,00;4096,00;4096,00;4096,00;41943040,00;0,00;0,00;0,00;0,00;160,00;160,00;0,00;0,00;LFP-Replace-0Resync-NonBlocking-m1024-f0-d4-s1
LFP,Replace,0Resync,NonBlocking;0,10;10,00;0,03;6000,00;0,01;0,00;1024,00;100,00;3,00;5,00;50000000,00;25;true;0,50;4,00;8,00;5,00;0,00;false;1;Success;4797,70;6,40;97,51;783,00;24759296,00;24759296,00;1,16;1,89;0,00;37,00;1,00;1,00;0,00;0,00;184,63;0,00;3718,00;365,00;371,00;2236416,00;0,00;1038,27;0,00;47742,00;2560,00;2588,00;5625856,00;0,00;3572,91;0,00;4096,00;4096,00;4096,00;41656320,00;0,00;0,00;0,00;0,00;160,00;126,00;0,00;0,00;LFP-Replace-0Resync-NonBlocking-m1024-f25-d4-s1
LFP,Replace,0Resync,NonBlocking;0,10;10,00;0,03;6000,00;0,01;0,00;1024,00;100,00;3,00;5,00;50000000,00;50;true;0,50;4,00;8,00;5,00;0,00;false;1;Success;4864,65;10,70;94,75;1220,00;26478592,00;26478592,00;3,14;5,84;0,00;114,00;1,00;1,00;0,00;0,00;253,90;0,00;5238,00;365,00;377,00;5054464,00;0,00;1032,85;0,00;51788,00;2560,00;2630,00;6379520,00;0,00;3572,05;0,00;4096,00;4096,00;4096,00;41523200,00;0,00;0,00;0,00;0,00;160,00;78,00;0,00;0,00;LFP-Replace-0Resync-NonBlocking-m1024-f50-d4-s1
LFP,Replace,0Resync,NonBlocking;0,10;10,00;0,03;6000,00;0,01;0,00;1024,00;100,00;3,00;5,00;50000000,00;75;true;0,50;4,00;8,00;5,00;0,00;false;1;Success;5029,80;28,16;0,00;2100,00;30279680,00;30279680,00;17,35;22,53;0,00;440,00;1,00;1,00;0,00;0,00;427,03;0,00;9510,00;365,00;386,00;11761664,00;0,00;1011,60;0,00;60851,00;2560,00;2693,00;8073216,00;0,00;3568,64;0,00;4096,00;4096,00;4096,00;40724480,00;0,00;0,00;0,00;0,00;160,00;6,00;0,00;0,00;LFP-Replace-0Resync-NonBlocking-m1024-f75-d4-s1
LFP,Replace,0Resync,NonBlocking;0,10;10,00;0,03;6000,00;0,01;0,00;1024,00;100,00;3,00;5,00;50000000,00;90;true;0,50;4,00;8,00;5,00;0,00;false;1;Success;4817,81;7,58;0,00;1517,00;27185152,00;27185152,00;11,90;0,00;0,00;0,00;1,00;1,00;0,00;0,00;309,13;0,00;7209,00;365,00;386,00;8120320,00;0,00;961,36;0,00;53696,00;2560,00;2693,00;6989824,00;0,00;3547,31;0,00;4095,00;4096,00;4096,00;39260160,00;0,00;0,00;0,00;0,00;160,00;6,00;0,00;0,00;LFP-Replace-0Resync-NonBlocking-m1024-f90-d4-s1
LFP,Replace,0Resync,NonBlocking;0,10;10,00;0,03;6000,00;0,01;0,00;1024,00;100,00;3,00;5,00;50000000,00;50;true;0,50;4,00;8,00;5,00;0,00;false;1;Success;4864,65;10,70;94,75;1220,00;26478592,00;26478592,00;3,14;5,84;0,00;114,00;1,00;1,00;0,00;0,00;253,90;0,00;5238,00;365,00;377,00;5054464,00;0,00;1032,85;0,00;51788,00;2560,00;2630,00;6379520,00;0,00;3572,05;0,00;4096,00;4096,00;4096,00;41523200,00;0,00;0,00;0,00;0,00;160,00;78,00;0,00;0,00;LFP-Replace-0Resync-NonBlocking-m1024-f50-d4-s1
LFP,Replace,0Resync,NonBlocking;0,10;10,00;0,03;6000,00;0,01;0,00;4096,00;100,00;3,00;5,00;50000000,00;50;true;0,50;4,00;8,00;5,00;0,00;false;1;Success;19174,77;43,77;94,80;1179,00;105865216,00;105865216,00;3,28;18,23;0,00;89,00;1,00;1,00;0,00;0,00;1074,01;0,00;5543,00;365,00;380,00;21528576,00;0,00;4084,44;0,00;52959,00;2560,00;2633,00;26402816,00;0,00;13998,10;0,00;4096,00;4096,00;4096,00;163799040,00;0,00;0,00;0,00;0,00;160,00;72,00;0,00;0,00;LFP-Replace-0Resync-NonBlocking-m4096-f50-d4-s1
LFP,Replace,0Resync,NonBlocking;0,10;10,00;0,03;6000,00;0,01;0,00;16384,00;100,00;3,00;5,00;50000000,00;50;true;0,50;4,00;8,00;5,00;0,00;false;1;Success;76511,93;191,64;94,75;1257,00;430112768,00;430112768,00;3,73;82,74;0,00;101,00;1,00;1,00;0,00;0,00;4594,31;0,00;5964,00;365,00;381,00;97419264,00;0,00;16296,50;0,00;54081,00;2560,00;2647,00;108920832,00;0,00;55538,37;0,00;4096,00;4096,00;4096,00;653885440,00;0,00;0,00;0,00;0,00;160,00;57,00;0,00;0,00;LFP-Replace-0Resync-NonBlocking-m16384-f50-d4-s1
LFP,Replace,0Resync,NonBlocking;0,10;10,00;0,03;6000,00;0,01;0,00;65536,00;100,00;3,00;5,00;50000000,00;50;true;0,50;4,00;8,00;5,00;0,00;false;1;Success;306619,62;815,05;94,36;1346,00;1743978496,00;1743978496,00;4,00;403,05;0,00;123,00;1,00;1,00;0,00;0,00;19172,80;0,00;6227,00;365,00;382,00;427425792,00;0,00;65125,88;0,00;54920,00;2560,00;2652,00;444989440,00;0,00;221917,89;0,00;4096,00;4096,00;4096,00;2615541760,00;0,00;0,00;0,00;0,00;160,00;51,00;0,00;0,00;LFP-Replace-0Resync-NonBlocking-m65536-f50-d4-s1
LFP,Replace,0Resync,NonBlocking;0,10;10,00;0,03;6000,00;0,01;0,00;262144,00;100,00;3,00;5,00;50000000,00;50;true;0,50;4,00;8,00;5,00;0,00;false;1;Success;1227361,10;3351,29;94,34;1367,00;7006584832,00;7006584832,00;4,05;1703,94;0,00;130,00;1,00;1,00;0,00;0,00;77725,94;0,00;6310,00;365,00;382,00;1760559104,00;0,00;260495,25;0,00;55110,00;2560,00;2653,00;1790443520,00;0,00;887435,98;0,00;4096,00;4096,00;4096,00;10462167040,00;0,00;0,00;0,00;0,00;160,00;50,00;0,00;0,00;LFP-Replace-0Resync-NonBlocking-m262144-f50-d4-s1
LFP,Replace,Stay,NonBlocking;0,10;10,00;0,03;6000,00;0,01;0,00;1024,00;100,00;3,00;5,00;50000000,00;50;true;0,50;3,00;8,00;5,00;0,00;false;2;Success;603,22;3,73;99,80;81,00;3058688,00;3058688,00;1,02;0,41;0,00;8,00;1,00;1,00;0,00;0,00;19,97;0,00;390,00;45,00;46,00;139264,00;0,00;131,31;0,00;5960,00;320,00;323,00;702464,00;0,00;451,53;0,00;536,00;512,00;512,00;5275648,00;0,00;0,00;0,00;0,00;160,00;156,00;0,00;0,00;LFP-Replace-Stay-NonBlocking-m1024-f50-d3-s2
LFP,Replace,Stay,NonBlocking;0,10;10,00;0,03;6000,00;0,01;0,00;1024,00;100,00;3,00;5,00;50000000,00;50;true;0,50;4,00;8,00;5,00;0,00;false;2;Success;4948,85;9,19;98,93;914,00;25906176,00;25906176,00;2,72;4,97;0,00;97,00;1,00;1,00;0,00;0,00;212,88;0,00;4165,00;365,00;372,00;2865152,00;0,00;1061,86;0,00;51561,00;2560,00;2623,00;6227968,00;0,00;3669,15;0,00;4593,00;4096,00;4096,00;42719232,00;0,00;0,00;0,00;0,00;1280,00;1210,00;0,00;0,00;LFP-Replace-Stay-NonBlocking-m1024-f50-d4-s2
LFP,Replace,Stay,NonBlocking;0,10;10,00;0,03;6000,00;0,01;0,00;1024,00;100,00;3,00;5,00;50000000,00;50;true;0,50;5,00;8,00;5,00;0,00;false;2;Success;61087,15;138,13;0,00;60070,00;491498496,00;491498496,00;32,43;105,16;0,00;2054,00;1,00;1,00;0,00;0,00;11456,38;0,00;228090,00;2925,00;3958,00;368736256,00;0,00;11059,55;0,00;1096451,00;20480,00;27931,00;178827264,00;0,00;38466,06;0,00;82242,00;32768,00;32768,00;435433472,00;0,00;0,00;0,00;0,00;10240,00;1756,00;0,00;0,00;LFP-Replace-Stay-NonBlocking-m1024-f50-d5-s2
LFP,Replace,Stay,NonBlocking;0,10;10,00;0,03;6000,00;0,01;0,00;1024,00;100,00;3,00;5,00;50000000,00;0;true;0,50;4,00;8,00;5,00;0,00;false;2;Success;4772,10;4,19;100,00;585,00;23966720,00;23966720,00;0,00;0,26;0,00;5,00;1,00;1,00;0,00;0,00;149,50;0,00;2920,00;365,00;365,00;747520,00;0,00;1048,58;0,00;46080,00;2560,00;2560,00;5242880,00;0,00;3573,76;0,00;4096,00;4096,00;4096,00;41943040,00;0,00;0,00;0,00;0,00;1280,00;1280,00;0,00;0,00;LFP-Replace-Stay-NonBlocking-m1024-f0-d4-s2
LFP,Replace,Stay,NonBlocking;0,10;10,00;0,03;6000,00;0,01;0,00;1024,00;100,00;3,00;5,00;50000000,00;25;true;0,50;4,00;8,00;5,00;0,00;false;2;Success;4829,52;5,42;99,46;662,00;24508416,00;24508416,00;1,02;1,13;0,00;22,00;1,00;1,00;0,00;0,00;167,00;0,00;3265,00;365,00;368,00;1273856,00;0,00;1050,49;0,00;47466,00;2560,00;2585,00;5523456,00;0,00;3610,90;0,00;4294,00;4096,00;4096,00;42219520,00;0,00;0,00;0,00;0,00;1280,00;1252,00;0,00;0,00;LFP-Replace-Stay-NonBlocking-m1024-f25-d4-s2
LFP,Replace,Stay,NonBlocking;0,10;10,00;0,03;6000,00;0,01;0,00;1024,00;100,00;3,00;5,00;50000000,00;50;true;0,50;4,00;8,00;5,00;0,00;false;2;Success;4948,85;9,19;98,93;914,00;25906176,00;25906176,00;2,72;4,97;0,00;97,00;1,00;1,00;0,00;0,00;212,88;0,00;4165,00;365,00;372,00;2865152,00;0,00;1061,86;0,00;51561,00;2560,00;2623,00;6227968,00;0,00;3669,15;0,00;4593,00;4096,00;4096,00;42719232,00;0,00;0,00;0,00;0,00;1280,00;1210,00;0,00;0,00;LFP-Replace-Stay-NonBlocking-m1024-f50-d4-s2
LFP,Replace,Stay,NonBlocking;0,10;10,00;0,03;6000,00;0,01;0,00;1024,00;100,00;3,00;5,00;50000000,00;75;true;0,50;4,00;8,00;5,00;0,00;false;2;Success;7526,65;187,54;0,00;7833,00;55972864,00;55972864,00;99,99;182,68;0,00;3568,00;1,00;1,00;0,00;0,00;1209,70;0,00;24232,00;365,00;503,00;36392960,00;0,00;1365,21;0,00;131511,00;2560,00;3475,00;21628928,00;0,00;4769,06;0,00;10123,00;4096,00;4096,00;53923840,00;0,00;0,00;0,00;0,00;1280,00;227,00;0,00;0,00;LFP-Replace-Stay-NonBlocking-m1024-f75-d4-s2
LFP,Replace,Stay,NonBlocking;0,10;10,00;0,03;6000,00;0,01;0,00;1024,00;100,00;3,00;5,00;50000000,00;90;true;0,50;4,00;8,00;5,00;0,00;false;2;Success;6932,74;23,19;0,00;5647,00;48354304,00;48354304,00;32,11;9,78;0,00;191,00;1,00;1,00;0,00;0,00;920,11;0,00;18783,00;365,00;502,00;24100864,00;0,00;1315,28;0,00;122161,00;2560,00;3472,00;19890176,00;0,00;4687,57;0,00;9805,00;4096,00;4096,00;52717568,00;0,00;0,00;0,00;0,00;1280,00;231,00;0,00;0,00;LFP-Replace-Stay-NonBlocking-m1024-f90-d4-s2
LFP,Replace,Stay,NonBlocking;0,10;10,00;0,03;6000,00;0,01;0,00;1024,00;100,00;3,00;5,00;50000000,00;50;true;0,50;4,00;8,00;5,00;0,00;false;2;Success;4948,85;9,19;98,93;914,00;25906176,00;25906176,00;2,72;4,97;0,00;97,00;1,00;1,00;0,00;0,00;212,88;0,00;4165,00;365,00;372,00;2865152,00;0,00;1061,86;0,00;51561,00;2560,00;2623,00;6227968,00;0,00;3669,15;0,00;4593,00;4096,00;4096,00;42719232,00;0,00;0,00;0,00;0,00;1280,00;1210,00;0,00;0,00;LFP-Replace-Stay-NonBlocking-m1024-f50-d4-s2
LFP,Replace,Stay,NonBlocking;0,10;10,00;0,03;6000,00;0,01;0,00;4096,00;100,00;3,00;5,00;50000000,00;50;true;0,50;4,00;8,00;5,00;0,00;false;2;Success;19809,73;44,18;99,24;1110,00;108462080,00;108462080,00;3,29;25,80;0,00;126,00;1,00;1,00;0,00;0,00;1015,84;0,00;4975,00;365,00;374,00;17661952,00;0,00;4282,20;0,00;54897,00;2560,00;2644,00;27246592,00;0,00;14485,87;0,00;4758,00;4096,00;4096,00;172015616,00;0,00;0,00;0,00;0,00;1280,00;1187,00;0,00;0,00;LFP-Replace-Stay-NonBlocking-m4096-f50-d4-s2
LFP,Replace,Stay,NonBlocking;0,10;10,00;0,03;6000,00;0,01;0,00;16384,00;100,00;3,00;5,00;50000000,00;50;true;0,50;4,00;8,00;5,00;0,00;false;2;Success;79120,26;181,81;99,05;1145,00;436600832,00;436600832,00;3,39;104,86;0,00;128,00;1,00;1,00;0,00;0,00;4155,22;0,00;5088,00;365,00;374,00;73859072,00;0,00;17156,55;0,00;55389,00;2560,00;2647,00;110264320,00;0,00;57703,63;0,00;4780,00;4096,00;4096,00;689078272,00;0,00;0,00;0,00;0,00;1280,00;1184,00;0,00;0,00;LFP-Replace-Stay-NonBlocking-m16384-f50-d4-s2
LFP,Replace,Stay,NonBlocking;0,10;10,00;0,03;6000,00;0,01;0,00;65536,00;100,00;3,00;5,00;50000000,00;50;true;0,50;4,00;8,00;5,00;0,00;false;2;Success;317930,10;779,00;99,05;1207,00;1769799680,00;1769799680,00;3,68;462,03;0,00;141,00;1,00;1,00;0,00;0,00;17452,48;0,00;5342,00;365,00;374,00;322437120,00;0,00;68814,48;0,00;56493,00;2560,00;2655,00;453771264,00;0,00;231201,11;0,00;4842,00;4096,00;4096,00;2763390976,00;0,00;0,00;0,00;0,00;1280,00;1176,00;0,00;0,00;LFP-Replace-Stay-NonBlocking-m65536-f50-d4-s2
LFP,Replace,Stay,NonBlocking;0,10;10,00;0,03;6000,00;0,01;0,00;262144,00;100,00;3,00;5,00;50000000,00;50;true;0,50;4,00;8,00;5,00;0,00;false;2;Success;1271512,79;3115,36;99,05;1208,00;7082868736,00;7082868736,00;3,68;1848,12;0,00;141,00;1,00;1,00;0,00;0,00;69835,40;0,00;5344,00;365,00;374,00;1292894208,00;0,00;275279,09;0,00;56495,00;2560,00;2655,00;1815085056,00;0,00;924550,18;0,00;4843,00;4096,00;4096,00;11057758208,00;0,00;0,00;0,00;0,00;1280,00;1176,00;0,00;0,00;LFP-Replace-Stay-NonBlocking-m262144-f50-d4-s2
LFP,Drop,Stop,FullSync;0,10;10,00;0,03;6000,00;0,01;0,00;1024,00;100,00;3,00;5,00;50000000,00;50;true;0,50;3,00;8,00;5,00;0,00;false;2;Success;573,18;3,58;84,54;62,00;2529280,00;2529280,00;1,03;0,26;0,00;5,00;1,00;1,00;0,00;0,00;15,62;0,00;1757,00;45,00;45,00;81920,00;0,00;110,59;0,00;4325,00;320,00;320,00;552960,00;0,00;446,72;0,00;512,00;512,00;512,00;4423680,00;0,00;0,00;0,00;0,00;;;0,00;0,00;LFP-Drop-Stop-FullSync-m1024-f50-d3-s2
LFP,Drop,Stop,FullSync;0,10;10,00;0,03;6000,00;0,01;0,00;1024,00;100,00;3,00;5,00;50000000,00;50;true;0,50;4,00;8,00;5,00;0,00;false;2;Success;4542,39;4,12;81,43;496,00;20402176,00;20402176,00;1,18;0,26;0,00;5,00;1,00;1,00;0,00;0,00;126,46;0,00;13810,00;365,00;365,00;634880,00;0,00;887,09;0,00;34961,00;2560,00;2560,00;4534272,00;0,00;3528,58;0,00;4096,00;4096,00;4096,00;35635200,00;0,00;0,00;0,00;0,00;;;0,00;0,00;LFP-Drop-Stop-FullSync-m1024-f50-d4-s2
LFP,Drop,Stop,FullSync;0,10;10,00;0,03;6000,00;0,01;0,00;1024,00;100,00;3,00;5,00;50000000,00;50;true;0,50;5,00;8,00;5,00;0,00;false;2;Success;37303,79;4,82;83,00;4385,00;183846912,00;183846912,00;1,22;0,26;0,00;5,00;1,00;1,00;0,00;0,00;1065,16;0,00;112160,00;2925,00;2925,00;5130240,00;0,00;8024,42;0,00;314517,00;20480,00;20480,00;40341504,00;0,00;28213,95;0,00;32759,00;32768,00;32768,00;322222080,00;0,00;0,00;0,00;0,00;;;0,00;0,00;LFP-Drop-Stop-FullSync-m1024-f50-d5-s2
LFP,Drop,Stop,FullSync;0,10;10,00;0,03;6000,00;0,01;0,00;1024,00;100,00;3,00;5,00;50000000,00;0;true;0,50;4,00;8,00;5,00;0,00;false;2;Success;4772,10;4,32;100,00;585,00;23966720,00;23966720,00;0,00;0,26;0,00;5,00;1,00;1,00;0,00;0,00;149,50;0,00;16060,00;365,00;365,00;747520,00;0,00;1048,58;0,00;40960,00;2560,00;2560,00;5242880,00;0,00;3573,76;0,00;4096,00;4096,00;4096,00;41943040,00;0,00;0,00;0,00;0,00;;;0,00;0,00;LFP-Drop-Stop-FullSync-m1024-f0-d4-s2
LFP,Drop,Stop,FullSync;0,10;10,00;0,03;6000,00;0,01;0,00;1024,00;100,00;3,00;5,00;50000000,00;25;true;0,50;4,00;8,00;5,00;0,00;false;2;Success;4686,13;4,17;85,39;501,00;23055360,00;23055360,00;0,83;0,26;0,00;5,00;1,00;1,00;0,00;0,00;129,02;0,00;14172,00;365,00;365,00;655360,00;0,00;1019,75;0,00;39972,00;2560,00;2560,00;4515840,00;0,00;3537,10;0,00;4096,00;4096,00;4096,00;40939520,00;0,00;0,00;0,00;0,00;;;0,00;0,00;LFP-Drop-Stop-FullSync-m1024-f25-d4-s2
LFP,Drop,Stop,FullSync;0,10;10,00;0,03;6000,00;0,01;0,00;1024,00;100,00;3,00;5,00;50000000,00;50;true;0,50;4,00;8,00;5,00;0,00;false;2;Success;4542,39;4,12;81,43;496,00;20402176,00;20402176,00;1,18;0,26;0,00;5,00;1,00;1,00;0,00;0,00;126,46;0,00;13810,00;365,00;365,00;634880,00;0,00;887,09;0,00;34961,00;2560,00;2560,00;4534272,00;0,00;3528,58;0,00;4096,00;4096,00;4096,00;35635200,00;0,00;0,00;0,00;0,00;;;0,00;0,00;LFP-Drop-Stop-FullSync-m1024-f50-d4-s2
LFP,Drop,Stop,FullSync;0,10;10,00;0,03;6000,00;0,01;0,00;1024,00;100,00;3,00;5,00;50000000,00;75;true;0,50;4,00;8,00;5,00;0,00;false;2;Success;4419,94;4,12;77,77;461,00;19173376,00;19173376,00;2,38;0,26;0,00;5,00;1,00;1,00;0,00;0,00;120,52;0,00;13562,00;365,00;365,00;624640,00;0,00;826,01;0,00;32503,00;2560,00;2560,00;4206592,00;0,00;3473,14;0,00;4095,00;4096,00;4096,00;33515520,00;0,00;0,00;0,00;0,00;;;0,00;0,00;LFP-Drop-Stop-FullSync-m1024-f75-d4-s2
LFP,Drop,Stop,FullSync;0,10;10,00;0,03;6000,00;0,01;0,00;1024,00;100,00;3,00;5,00;50000000,00;90;true;0,50;4,00;8,00;5,00;0,00;false;2;Success;3638,63;3,97;48,71;357,00;17021952,00;17021952,00;5,51;0,26;0,00;5,00;1,00;1,00;0,00;0,00;94,11;0,00;11207,00;365,00;365,00;491520,00;0,00;672,15;0,00;26290,00;2560,00;2560,00;3375104,00;0,00;2872,11;0,00;4094,00;4096,00;4096,00;30177280,00;0,00;0,00;0,00;0,00;;;0,00;0,00;LFP-Drop-Stop-FullSync-m1024-f90-d4-s2
LFP,Drop,Stop,FullSync;0,10;10,00;0,03;6000,00;0,01;0,00;1024,00;100,00;3,00;5,00;50000000,00;50;true;0,50;4,00;8,00;5,00;0,00;false;2;Success;4542,39;4,12;81,43;496,00;20402176,00;20402176,00;1,18;0,26;0,00;5,00;1,00;1,00;0,00;0,00;126,46;0,00;13810,00;365,00;365,00;634880,00;0,00;887,09;0,00;34961,00;2560,00;2560,00;4534272,00;0,00;3528,58;0,00;4096,00;4096,00;4096,00;35635200,00;0,00;0,00;0,00;0,00;;;0,00;0,00;LFP-Drop-Stop-FullSync-m1024-f50-d4-s2
LFP,Drop,Stop,FullSync;0,10;10,00;0,03;6000,00;0,01;0,00;4096,00;100,00;3,00;5,00;50000000,00;50;true;0,50;4,00;8,00;5,00;0,00;false;2;Success;17937,38;15,33;81,21;496,00;81612800,00;81612800,00;1,10;1,02;0,00;5,00;1,00;1,00;0,00;0,00;504,63;0,00;13800,00;365,00;365,00;2539520,00;0,00;3553,08;0,00;35029,00;2560,00;2560,00;18022400,00;0,00;13878,66;0,00;4096,00;4096,00;4096,00;142663680,00;0,00;0,00;0,00;0,00;;;0,00;0,00;LFP-Drop-Stop-FullSync-m4096-f50-d4-s2
LFP,Drop,Stop,FullSync;0,10;10,00;0,03;6000,00;0,01;0,00;16384,00;100,00;3,00;5,00;50000000,00;50;true;0,50;4,00;8,00;5,00;0,00;false;2;Success;71525,08;60,18;81,21;496,00;326369280,00;326369280,00;1,10;4,10;0,00;5,00;1,00;1,00;0,00;0,00;2015,23;0,00;13796,00;365,00;365,00;10158080,00;0,00;14213,12;0,00;35010,00;2560,00;2560,00;71925760,00;0,00;55292,63;0,00;4096,00;4096,00;4096,00;570654720,00;0,00;0,00;0,00;0,00;;;0,00;0,00;LFP-Drop-Stop-FullSync-m16384-f50-d4-s2
LFP,Drop,Stop,FullSync;0,10;10,00;0,03;6000,00;0,01;0,00;65536,00;100,00;3,00;5,00;50000000,00;50;true;0,50;4,00;8,00;5,00;0,00;false;2;Success;285864,66;239,59;81,01;496,00;1305477120,00;1305477120,00;1,10;16,38;0,00;5,00;1,00;1,00;0,00;0,00;8060,93;0,00;13796,00;365,00;365,00;40632320,00;0,00;56852,48;0,00;35010,00;2560,00;2560,00;287703040,00;0,00;220934,87;0,00;4096,00;4096,00;4096,00;2282618880,00;0,00;0,00;0,00;0,00;;;0,00;0,00;LFP-Drop-Stop-FullSync-m65536-f50-d4-s2
LFP,Drop,Stop,FullSync;0,10;10,00;0,03;6000,00;0,01;0,00;262144,00;100,00;3,00;5,00;50000000,00;50;true;0,50;4,00;8,00;5,00;0,00;false;2;Success;1143223,00;957,21;81,01;496,00;5221908480,00;5221908480,00;1,10;65,54;0,00;5,00;1,00;1,00;0,00;0,00;32243,71;0,00;13796,00;365,00;365,00;162529280,00;0,00;227409,92;0,00;35010,00;2560,00;2560,00;1150812160,00;0,00;883503,83;0,00;4096,00;4096,00;4096,00;9130475520,00;0,00;0,00;0,00;0,00;;;0,00;0,00;LFP-Drop-Stop-FullSync-m262144-f50-d4-s2
LFP,Replace,0Resync,NonBlocking;0,10;10,00;0,03;6000,00;0,01;0,00;1024,00;100,00;3,00;5,00;50000000,00;50;true;0,50;3,00;8,00;5,00;0,00;false;2;Success;595,49;3,73;96,68;79,00;3033088,00;3033088,00;1,02;0,46;0,00;9,00;1,00;1,00;0,00;0,00;19,46;0,00;392,00;45,00;46,00;141312,00;0,00;128,85;0,00;5800,00;320,00;323,00;681984,00;0,00;446,72;0,00;512,00;512,00;512,00;5242880,00;0,00;0,00;0,00;0,00;20,00;16,00;0,00;0,00;LFP-Replace-0Resync-NonBlocking-m1024-f50-d3-s2
LFP,Replace,0Resync,NonBlocking;0,10;10,00;0,03;6000,00;0,01;0,00;1024,00;100,00;3,00;5,00;50000000,00;50;true;0,50;4,00;8,00;5,00;0,00;false;2;Success;4805,26;8,19;94,80;917,00;25162752,00;25162752,00;2,36;3,53;0,00;69,00;1,00;1,00;0,00;0,00;208,10;0,00;4286,00;365,00;372,00;3297280,00;0,00;1024,14;0,00;48484,00;2560,00;2614,00;5761024,00;0,00;3569,50;0,00;4096,00;4096,00;4096,00;41267200,00;0,00;0,00;0,00;0,00;160,00;99,00;0,00;0,00;LFP-Replace-0Resync-NonBlocking-m1024-f50-d4-s2
LFP,Replace,0Resync,NonBlocking;0,10;10,00;0,03;6000,00;0,01;0,00;1024,00;100,00;3,00;5,00;50000000,00;50;true;0,50;5,00;8,00;5,00;0,00;false;2;Success;41030,15;71,68;0,00;19439,00;262572032,00;262572032,00;17,40;18,38;0,00;359,00;1,00;1,00;0,00;0,00;4195,30;0,00;90857,00;2925,00;3060,00;127860736,00;0,00;8270,04;0,00;497629,00;20480,00;21580,00;66029568,00;0,00;28546,42;0,00;32759,00;32768,00;32768,00;331253760,00;0,00;0,00;0,00;0,00;1280,00;45,00;0,00;0,00;LFP-Replace-0Resync-NonBlocking-m1024-f50-d5-s2
LFP,Replace,0Resync,NonBlocking;0,10;10,00;0,03;6000,00;0,01;0,00;1024,00;100,00;3,00;5,00;50000000,00;0;true;0,50;4,00;8,00;5,00;0,00;false;2;Success;4772,10;4,19;100,00;585,00;23966720,00;23966720,00;0,00;0,26;0,00;5,00;1,00;1,00;0,00;0,00;149,50;0,00;2920,00;365,00;365,00;747520,00;0,00;1048,58;0,00;46080,00;2560,00;2560,00;5242880,00;0,00;3573,76;0,00;4096,00;4096,00;4096,00;41943040,00;0,00;0,00;0,00;0,00;160,00;160,00;0,00;0,00;LFP-Replace-0Resync-NonBlocking-m1024-f0-d4-s2
LFP,Replace,0Resync,NonBlocking;0,10;10,00;0,03;6000,00;0,01;0,00;1024,00;100,00;3,00;5,00;50000000,00;25;true;0,50;4,00;8,00;5,00;0,00;false;2;Success;4792,57;7,47;96,46;786,00;24679424,00;24679424,00;1,32;3,07;0,00;60,00;1,00;1,00;0,00;0,00;186,35;0,00;3767,00;365,00;369,00;2357248,00;0,00;1031,94;0,00;47507,00;2560,00;2592,00;5570560,00;0,00;3571,20;0,00;4096,00;4096,00;4096,00;41431040,00;0,00;0,00;0,00;0,00;160,00;124,00;0,00;0,00;LFP-Replace-0Resync-NonBlocking-m1024-f25-d4-s2
LFP,Replace,0Resync,NonBlocking;0,10;10,00;0,03;6000,00;0,01;0,00;1024,00;100,00;3,00;5,00;50000000,00;50;true;0,50;4,00;8,00;5,00;0,00;false;2;Success;4805,26;8,19;94,80;917,00;25162752,00;25162752,00;2,36;3,53;0,00;69,00;1,00;1,00;0,00;0,00;208,10;0,00;4286,00;365,00;372,00;3297280,00;0,00;1024,14;0,00;48484,00;2560,00;2614,00;5761024,00;0,00;3569,50;0,00;4096,00;4096,00;4096,00;41267200,00;0,00;0,00;0,00;0,00;160,00;99,00;0,00;0,00;LFP-Replace-0Resync-NonBlocking-m1024-f50-d4-s2
LFP,Replace,0Resync,NonBlocking;0,10;10,00;0,03;6000,00;0,01;0,00;1024,00;100,00;3,00;5,00;50000000,00;75;true;0,50;4,00;8,00;5,00;0,00;false;2;Success;5106,66;54,27;70,34;2619,00;32167936,00;32167936,00;31,65;48,64;0,00;950,00;1,00;1,00;0,00;0,00;489,73;0,00;10940,00;365,00;382,00;15716352,00;0,00;1007,34;0,00;61317,00;2560,00;2696,00;8151040,00;0,00;3560,95;0,00;4095,00;4096,00;4096,00;40468480,00;0,00;0,00;0,00;0,00;160,00;7,00;0,00;0,00;LFP-Replace-0Resync-NonBlocking-m1024-f75-d4-s2
LFP,Replace,0Resync,NonBlocking;0,10;10,00;0,03;6000,00;0,01;0,00;1024,00;100,00;3,00;5,00;50000000,00;90;true;0,50;4,00;8,00;5,00;0,00;false;2;Success;4860,54;12,06;0,00;1563,00;27699200,00;27699200,00;17,48;0,00;0,00;0,00;1,00;1,00;0,00;0,00;353,23;0,00;8272,00;365,00;382,00;8910848,00;0,00;962,57;0,00;55279,00;2560,00;2696,00;7217152,00;0,00;3544,73;0,00;4094,00;4096,00;4096,00;39270400,00;0,00;0,00;0,00;0,00;160,00;7,00;0,00;0,00;LFP-Replace-0Resync-NonBlocking-m1024-f90-d4-s2
LFP,Replace,0Resync,NonBlocking;0,10;10,00;0,03;6000,00;0,01;0,00;1024,00;100,00;3,00;5,00;50000000,00;50;true;0,50;4,00;8,00;5,00;0,00;false;2;Success;4805,26;8,19;94,80;917,00;25162752,00;25162752,00;2,36;3,53;0,00;69,00;1,00;1,00;0,00;0,00;208,10;0,00;4286,00;365,00;372,00;3297280,00;0,00;1024,14;0,00;48484,00;2560,00;2614,00;5761024,00;0,00;3569,50;0,00;4096,00;4096,00;4096,00;41267200,00;0,00;0,00;0,00;0,00;160,00;99,00;0,00;0,00;LFP-Replace-0Resync-NonBlocking-m1024-f50-d4-s2
LFP,Replace,0Resync,NonBlocking;0,10;10,00;0,03;6000,00;0,01;0,00;4096,00;100,00;3,00;5,00;50000000,00;50;true;0,50;4,00;8,00;5,00;0,00;false;2;Success;18956,31;35,99;94,82;1000,00;102096896,00;102096896,00;2,71;14,13;0,00;69,00;1,00;1,00;0,00;0,00;948,26;0,00;4901,00;365,00;374,00;16850944,00;0,00;4060,67;0,00;50715,00;2560,00;2624,00;24731648,00;0,00;13933,26;0,00;4096,00;4096,00;4096,00;162611200,00;0,00;0,00;0,00;0,00;160,00;87,00;0,00;0,00;LFP-Replace-0Resync-NonBlocking-m4096-f50-d4-s2
LFP,Replace,0Resync,NonBlocking;0,10;10,00;0,03;6000,00;0,01;0,00;16384,00;100,00;3,00;5,00;50000000,00;50;true;0,50;4,00;8,00;5,00;0,00;false;2;Success;75400,84;144,12;94,60;1016,00;409485312,00;409485312,00;2,73;54,89;0,00;67,00;1,00;1,00;0,00;0,00;3834,10;0,00;4964,00;365,00;374,00;69074944,00;0,00;16219,23;0,00;50958,00;2560,00;2627,00;99450880,00;0,00;55292,63;0,00;4096,00;4096,00;4096,00;650444800,00;0,00;0,00;0,00;0,00;160,00;84,00;0,00;0,00;LFP-Replace-0Resync-NonBlocking-m16384-f50-d4-s2
LFP,Replace,0Resync,NonBlocking;0,10;10,00;0,03;6000,00;0,01;0,00;65536,00;100,00;3,00;5,00;50000000,00;50;true;0,50;4,00;8,00;5,00;0,00;false;2;Success;302561,73;661,04;94,36;1116,00;1665925120,00;1665925120,00;3,11;294,91;0,00;90,00;1,00;1,00;0,00;0,00;16498,93;0,00;5371,00;365,00;374,00;321126400,00;0,00;64833,02;0,00;51786,00;2560,00;2640,00;408944640,00;0,00;220934,87;0,00;4096,00;4096,00;4096,00;2601779200,00;0,00;0,00;0,00;0,00;160,00;71,00;0,00;0,00;LFP-Replace-0Resync-NonBlocking-m65536-f50-d4-s2
LFP,Replace,0Resync,NonBlocking;0,10;10,00;0,03;6000,00;0,01;0,00;262144,00;100,00;3,00;5,00;50000000,00;50;true;0,50;4,00;8,00;5,00;0,00;false;2;Success;1209376,81;2604,18;94,36;1103,00;6650593280,00;6650593280,00;3,04;1140,33;0,00;87,00;1,00;1,00;0,00;0,00;65405,17;0,00;5310,00;365,00;374,00;1266155520,00;0,00;259327,48;0,00;51726,00;2560,00;2636,00;1627914240,00;0,00;883503,83;0,00;4096,00;4096,00;4096,00;10407116800,00;0,00;0,00;0,00;0,00;160,00;75,00;0,00;0,00;LFP-Replace-0Resync-NonBlocking-m262144-f50-d4-s2
LFP,Replace,Stay,NonBlocking;0,10;10,00;0,03;6000,00;0,01;0,00;1024,00;100,00;3,00;5,00;50000000,00;50;true;0,50;3,00;8,00;5,00;0,00;false;3;Success;601,45;3,78;99,61;81,00;3061760,00;3061760,00;1,13;0,46;0,00;9,00;1,00;1,00;0,00;0,00;19,97;0,00;390,00;45,00;47,00;141312,00;0,00;131,30;0,00;5935,00;320,00;322,00;718848,00;0,00;449,73;0,00;527,00;512,00;512,00;5263360,00;0,00;0,00;0,00;0,00;160,00;156,00;0,00;0,00;LFP-Replace-Stay-NonBlocking-m1024-f50-d3-s3
LFP,Replace,Stay,NonBlocking;0,10;10,00;0,03;6000,00;0,01;0,00;1024,00;100,00;3,00;5,00;50000000,00;50;true;0,50;4,00;8,00;5,00;0,00;false;3;Success;4869,31;6,55;98,97;779,00;25115648,00;25115648,00;1,74;2,00;0,00;39,00;1,00;1,00;0,00;0,00;188,04;0,00;3680,00;365,00;369,00;2013184,00;0,00;1054,69;0,00;49313,00;2560,00;2598,00;5855232,00;0,00;3624,57;0,00;4385,00;4096,00;4096,00;42362880,00;0,00;0,00;0,00;0,00;1280,00;1238,00;0,00;0,00;LFP-Replace-Stay-NonBlocking-m1024-f50-d4-s3
LFP,Replace,Stay,NonBlocking;0,10;10,00;0,03;6000,00;0,01;0,00;1024,00;100,00;3,00;5,00;50000000,00;50;true;0,50;5,00;8,00;5,00;0,00;false;3;Success;60576,80;137,57;0,00;59178,00;481656832,00;481656832,00;31,99;114,79;0,00;2242,00;1,00;1,00;0,00;0,00;11115,75;0,00;221408,00;2925,00;4004,00;354322432,00;0,00;11027,17;0,00;1086139,00;20480,00;27894,00;175044608,00;0,00;38319,08;0,00;81482,00;32768,00;32768,00;433946624,00;0,00;0,00;0,00;0,00;10240,00;1747,00;0,00;0,00;LFP-Replace-Stay-NonBlocking-m1024-f50-d5-s3
LFP,Replace,Stay,NonBlocking;0,10;10,00;0,03;6000,00;0,01;0,00;1024,00;100,00;3,00;5,00;50000000,00;0;true;0,50;4,00;8,00;5,00;0,00;false;3;Success;4772,10;4,19;100,00;585,00;23966720,00;23966720,00;0,00;0,26;0,00;5,00;1,00;1,00;0,00;0,00;149,50;0,00;2920,00;365,00;365,00;747520,00;0,00;1048,58;0,00;46080,00;2560,00;2560,00;5242880,00;0,00;3573,76;0,00;4096,00;4096,00;4096,00;41943040,00;0,00;0,00;0,00;0,00;1280,00;1280,00;0,00;0,00;LFP-Replace-Stay-NonBlocking-m1024-f0-d4-s3
LFP,Replace,Stay,NonBlocking;0,10;10,00;0,03;6000,00;0,01;0,00;1024,00;100,00;3,00;5,00;50000000,00;25;true;0,50;4,00;8,00;5,00;0,00;false;3;Success;4841,28;6,96;99,07;730,00;24781824,00;24781824,00;1,28;2,76;0,00;54,00;1,00;1,00;0,00;0,00;177,08;0,00;3466,00;365,00;368,00;1677312,00;0,00;1052,46;0,00;48347,00;2560,00;2588,00;5650432,00;0,00;3608,97;0,00;4309,00;4096,00;4096,00;42235904,00;0,00;0,00;0,00;0,00;1280,00;1249,00;0,00;0,00;LFP-Replace-Stay-NonBlocking-m1024-f25-d4-s3
LFP,Replace,Stay,NonBlocking;0,10;10,00;0,03;6000,00;0,01;0,00;1024,00;100,00;3,00;5,00;50000000,00;50;true;0,50;4,00;8,00;5,00;0,00;false;3;Success;4869,31;6,55;98,97;779,00;25115648,00;25115648,00;1,74;2,00;0,00;39,00;1,00;1,00;0,00;0,00;188,04;0,00;3680,00;365,00;369,00;2013184,00;0,00;1054,69;0,00;49313,00;2560,00;2598,00;5855232,00;0,00;3624,57;0,00;4385,00;4096,00;4096,00;42362880,00;0,00;0,00;0,00;0,00;1280,00;1238,00;0,00;0,00;LFP-Replace-Stay-NonBlocking-m1024-f50-d4-s3
LFP,Replace,Stay,NonBlocking;0,10;10,00;0,03;6000,00;0,01;0,00;1024,00;100,00;3,00;5,00;50000000,00;75;true;0,50;4,00;8,00;5,00;0,00;false;3;Success;5896,59;24,57;96,39;3268,00;36860928,00;36860928,00;14,19;19,76;0,00;386,00;1,00;1,00;0,00;0,00;574,35;0,00;11259,00;365,00;411,00;14381056,00;0,00;1180,85;0,00;82571,00;2560,00;2950,00;12066816,00;0,00;4121,63;0,00;6887,00;4096,00;4096,00;47273984,00;0,00;0,00;0,00;0,00;1280,00;844,00;0,00;0,00;LFP-Replace-Stay-NonBlocking-m1024-f75-d4-s3
LFP,Replace,Stay,NonBlocking;0,10;10,00;0,03;6000,00;0,01;0,00;1024,00;100,00;3,00;5,00;50000000,00;90;true;0,50;4,00;8,00;5,00;0,00;false;3;Success;6978,38;23,24;0,00;5726,00;48843776,00;48843776,00;31,29;8,91;0,00;174,00;1,00;1,00;0,00;0,00;933,95;0,00;18980,00;365,00;491,00;24672256,00;0,00;1321,79;0,00;134009,00;2560,00;3472,00;20123648,00;0,00;4713,73;0,00;9947,00;4096,00;4096,00;52891648,00;0,00;0,00;0,00;0,00;1280,00;242,00;0,00;0,00;LFP-Replace-Stay-NonBlocking-m1024-f90-d4-s3
LFP,Replace,Stay,NonBlocking;0,10;10,00;0,03;6000,00;0,01;0,00;1024,00;100,00;3,00;5,00;50000000,00;50;true;0,50;4,00;8,00;5,00;0,00;false;3;Success;4869,31;6,55;98,97;779,00;25115648,00;25115648,00;1,74;2,00;0,00;39,00;1,00;1,00;0,00;0,00;188,04;0,00;3680,00;365,00;369,00;2013184,00;0,00;1054,69;0,00;49313,00;2560,00;2598,00;5855232,00;0,00;3624,57;0,00;4385,00;4096,00;4096,00;42362880,00;0,00;0,00;0,00;0,00;1280,00;1238,00;0,00;0,00;LFP-Replace-Stay-NonBlocking-m1024-f50-d4-s3
LFP,Replace,Stay,NonBlocking;0,10;10,00;0,03;6000,00;0,01;0,00;4096,00;100,00;3,00;5,00;50000000,00;50;true;0,50;4,00;8,00;5,00;0,00;false;3;Success;19689,95;40,70;99,15;1101,00;107749376,00;107749376,00;3,03;19,05;0,00;93,00;1,00;1,00;0,00;0,00;999,63;0,00;4889,00;365,00;376,00;16777216,00;0,00;4272,68;0,00;54461,00;2560,00;2629,00;27271168,00;0,00;14398,60;0,00;4639,00;4096,00;4096,00;171450368,00;0,00;0,00;0,00;0,00;1280,00;1200,00;0,00;0,00;LFP-Replace-Stay-NonBlocking-m4096-f50-d4-s3
LFP,Replace,Stay,NonBlocking;0,10;10,00;0,03;6000,00;0,01;0,00;16384,00;100,00;3,00;5,00;50000000,00;50;true;0,50;4,00;8,00;5,00;0,00;false;3;Success;79002,43;181,81;99,15;1192,00;439435264,00;439435264,00;3,28;93,39;0,00;114,00;1,00;1,00;0,00;0,00;4272,13;0,00;5223,00;365,00;377,00;78446592,00;0,00;17131,29;0,00;55505,00;2560,00;2638,00;112328704,00;0,00;57505,62;0,00;4709,00;4096,00;4096,00;688095232,00;0,00;0,00;0,00;0,00;1280,00;1190,00;0,00;0,00;LFP-Replace-Stay-NonBlocking-m16384-f50-d4-s3
LFP,Replace,Stay,NonBlocking;0,10;10,00;0,03;6000,00;0,01;0,00;65536,00;100,00;3,00;5,00;50000000,00;50;true;0,50;4,00;8,00;5,00;0,00;false;3;Success;315677,50;720,02;99,15;1175,00;1755840512,00;1755840512,00;3,28;367,00;0,00;112,00;1,00;1,00;0,00;0,00;17081,96;0,00;5221,00;365,00;377,00;310902784,00;0,00;68494,31;0,00;55601,00;2560,00;2638,00;449314816,00;0,00;229734,23;0,00;4709,00;4096,00;4096,00;2751463424,00;0,00;0,00;0,00;0,00;1280,00;1190,00;0,00;0,00;LFP-Replace-Stay-NonBlocking-m65536-f50-d4-s3
LFP,Replace,Stay,NonBlocking;0,10;10,00;0,03;6000,00;0,01;0,00;262144,00;100,00;3,00;5,00;50000000,00;50;true;0,50;4,00;8,00;5,00;0,00;false;3;Success;1262426,94;2879,43;99,15;1177,00;7026769920,00;7026769920,00;3,28;1468,01;0,00;112,00;1,00;1,00;0,00;0,00;68327,83;0,00;5221,00;365,00;377,00;1246756864,00;0,00;273982,44;0,00;55632,00;2560,00;2638,00;1797259264,00;0,00;918648,66;0,00;4709,00;4096,00;4096,00;11009523712,00;0,00;0,00;0,00;0,00;1280,00;1190,00;0,00;0,00;LFP-Replace-Stay-NonBlocking-m262144-f50-d4-s3
LFP,Drop,Stop,FullSync;0,10;10,00;0,03;6000,00;0,01;0,00;1024,00;100,00;3,00;5,00;50000000,00;50;true;0,50;3,00;8,00;5,00;0,00;false;3;Success;554,50;3,52;71,88;53,00;2155520,00;2155520,00;0,91;0,26;0,00;5,00;1,00;1,00;0,00;0,00;13,31;0,00;1536,00;45,00;45,00;71680,00;0,00;94,21;0,00;3680,00;320,00;320,00;471040,00;0,00;446,72;0,00;512,00;512,00;512,00;3768320,00;0,00;0,00;0,00;0,00;;;0,00;0,00;LFP-Drop-Stop-FullSync-m1024-f50-d3-s3
LFP,Drop,Stop,FullSync;0,10;10,00;0,03;6000,00;0,01;0,00;1024,00;100,00;3,00;5,00;50000000,00;50;true;0,50;4,00;8,00;5,00;0,00;false;3;Success;4670,64;4,14;82,03;482,00;22937600,00;22937600,00;1,11;0,26;0,00;5,00;1,00;1,00;0,00;0,00;124,16;0,00;13693,00;365,00;365,00;634880,00;0,00;1000,65;0,00;36504,00;2560,00;2560,00;4341760,00;0,00;3545,57;0,00;4093,00;4096,00;4096,00;40898560,00;0,00;0,00;0,00;0,00;;;0,00;0,00;LFP-Drop-Stop-FullSync-m1024-f50-d4-s3
LFP,Drop,Stop,FullSync;0,10;10,00;0,03;6000,00;0,01;0,00;1024,00;100,00;3,00;5,00;50000000,00;50;true;0,50;5,00;8,00;5,00;0,00;false;3;Success;37108,96;4,77;80,16;4304,00;182803456,00;182803456,00;1,17;0,26;0,00;5,00;1,00;1,00;0,00;0,00;1022,00;0,00;108733,00;2925,00;2925,00;4974592,00;0,00;8001,38;0,00;312506,00;20480,00;20480,00;39649280,00;0,00;28085,32;0,00;32764,00;32768,00;32768,00;320983040,00;0,00;0,00;0,00;0,00;;;0,00;0,00;LFP-Drop-Stop-FullSync-m1024-f50-d5-s3
LFP,Drop,Stop,FullSync;0,10;10,00;0,03;6000,00;0,01;0,00;1024,00;100,00;3,00;5,00;50000000,00;0;true;0,50;4,00;8,00;5,00;0,00;false;3;Success;4772,10;4,32;100,00;585,00;23966720,00;23966720,00;0,00;0,26;0,00;5,00;1,00;1,00;0,00;0,00;149,50;0,00;16060,00;365,00;365,00;747520,00;0,00;1048,58;0,00;40960,00;2560,00;2560,00;5242880,00;0,00;3573,76;0,00;4096,00;4096,00;4096,00;41943040,00;0,00;0,00;0,00;0,00;;;0,00;0,00;LFP-Drop-Stop-FullSync-m1024-f0-d4-s3
LFP,Drop,Stop,FullSync;0,10;10,00;0,03;6000,00;0,01;0,00;1024,00;100,00;3,00;5,00;50000000,00;25;true;0,50;4,00;8,00;5,00;0,00;false;3;Success;4720,85;4,18;82,20;565,00;23570432,00;23570432,00;0,80;0,26;0,00;5,00;1,00;1,00;0,00;0,00;144,79;0,00;15736,00;365,00;365,00;643072,00;0,00;1030,20;0,00;40329,00;2560,00;2560,00;5158912,00;0,00;3545,61;0,00;4095,00;4096,00;4096,00;41338880,00;0,00;0,00;0,00;0,00;;;0,00;0,00;LFP-Drop-Stop-FullSync-m1024-f25-d4-s3
LFP,Drop,Stop,FullSync;0,10;10,00;0,03;6000,00;0,01;0,00;1024,00;100,00;3,00;5,00;50000000,00;50;true;0,50;4,00;8,00;5,00;0,00;false;3;Success;4670,64;4,14;82,03;482,00;22937600,00;22937600,00;1,11;0,26;0,00;5,00;1,00;1,00;0,00;0,00;124,16;0,00;13693,00;365,00;365,00;634880,00;0,00;1000,65;0,00;36504,00;2560,00;2560,00;4341760,00;0,00;3545,57;0,00;4093,00;4096,00;4096,00;40898560,00;0,00;0,00;0,00;0,00;;;0,00;0,00;LFP-Drop-Stop-FullSync-m1024-f50-d4-s3
LFP,Drop,Stop,FullSync;0,10;10,00;0,03;6000,00;0,01;0,00;1024,00;100,00;3,00;5,00;50000000,00;75;true;0,50;4,00;8,00;5,00;0,00;false;3;Success;4480,75;4,17;78,05;473,00;19364864,00;19364864,00;2,36;0,26;0,00;5,00;1,00;1,00;0,00;0,00;123,96;0,00;13865,00;365,00;365,00;632832,00;0,00;841,68;0,00;33328,00;2560,00;2560,00;4335616,00;0,00;3514,86;0,00;4092,00;4096,00;4096,00;33761280,00;0,00;0,00;0,00;0,00;;;0,00;0,00;LFP-Drop-Stop-FullSync-m1024-f75-d4-s3
LFP,Drop,Stop,FullSync;0,10;10,00;0,03;6000,00;0,01;0,00;1024,00;100,00;3,00;5,00;50000000,00;90;true;0,50;4,00;8,00;5,00;0,00;false;3;Success;3701,56;3,97;61,96;382,00;16680960,00;16680960,00;6,02;0,26;0,00;5,00;1,00;1,00;0,00;0,00;103,42;0,00;12523,00;365,00;365,00;552960,00;0,00;698,62;0,00;27592,00;2560,00;2560,00;3594240,00;0,00;2899,25;0,00;4087,00;4096,00;4096,00;29214720,00;0,00;0,00;0,00;0,00;;;0,00;0,00;LFP-Drop-Stop-FullSync-m1024-f90-d4-s3
LFP,Drop,Stop,FullSync;0,10;10,00;0,03;6000,00;0,01;0,00;1024,00;100,00;3,00;5,00;50000000,00;50;true;0,50;4,00;8,00;5,00;0,00;false;3;Success;4670,64;4,14;82,03;482,00;22937600,00;22937600,00;1,11;0,26;0,00;5,00;1,00;1,00;0,00;0,00;124,16;0,00;13693,00;365,00;365,00;634880,00;0,00;1000,65;0,00;36504,00;2560,00;2560,00;4341760,00;0,00;3545,57;0,00;4093,00;4096,00;4096,00;40898560,00;0,00;0,00;0,00;0,00;;;0,00;0,00;LFP-Drop-Stop-FullSync-m1024-f50-d4-s3
LFP,Drop,Stop,FullSync;0,10;10,00;0,03;6000,00;0,01;0,00;4096,00;100,00;3,00;5,00;50000000,00;50;true;0,50;4,00;8,00;5,00;0,00;false;3;Success;18382,67;15,33;81,98;482,00;91750400,00;91750400,00;1,05;1,02;0,00;5,00;1,00;1,00;0,00;0,00;496,64;0,00;13693,00;365,00;365,00;2539520,00;0,00;3938,10;0,00;36254,00;2560,00;2560,00;17367040,00;0,00;13946,91;0,00;4096,00;4096,00;4096,00;163594240,00;0,00;0,00;0,00;0,00;;;0,00;0,00;LFP-Drop-Stop-FullSync-m4096-f50-d4-s3
LFP,Drop,Stop,FullSync;0,10;10,00;0,03;6000,00;0,01;0,00;16384,00;100,00;3,00;5,00;50000000,00;50;true;0,50;4,00;8,00;5,00;0,00;false;3;Success;73291,80;60,18;81,78;482,00;366919680,00;366919680,00;1,03;4,10;0,00;5,00;1,00;1,00;0,00;0,00;1982,46;0,00;13688,00;365,00;365,00;10158080,00;0,00;15753,22;0,00;36235,00;2560,00;2560,00;69304320,00;0,00;55552,03;0,00;4096,00;4096,00;4096,00;654376960,00;0,00;0,00;0,00;0,00;;;0,00;0,00;LFP-Drop-Stop-FullSync-m16384-f50-d4-s3
LFP,Drop,Stop,FullSync;0,10;10,00;0,03;6000,00;0,01;0,00;65536,00;100,00;3,00;5,00;50000000,00;50;true;0,50;4,00;8,00;5,00;0,00;false;3;Success;292931,61;239,59;81,78;482,00;1467678720,00;1467678720,00;1,03;16,38;0,00;5,00;1,00;1,00;0,00;0,00;7929,86;0,00;13688,00;365,00;365,00;40632320,00;0,00;63012,86;0,00;36235,00;2560,00;2560,00;277217280,00;0,00;221972,51;0,00;4096,00;4096,00;4096,00;2617507840,00;0,00;0,00;0,00;0,00;;;0,00;0,00;LFP-Drop-Stop-FullSync-m65536-f50-d4-s3
LFP,Drop,Stop,FullSync;0,10;10,00;0,03;6000,00;0,01;0,00;262144,00;100,00;3,00;5,00;50000000,00;50;true;0,50;4,00;8,00;5,00;0,00;false;3;Success;1171425,31;957,21;81,59;482,00;5869404160,00;5869404160,00;1,03;65,54;0,00;5,00;1,00;1,00;0,00;0,00;31653,89;0,00;13683,00;365,00;365,00;162529280,00;0,00;252051,46;0,00;36190,00;2560,00;2560,00;1106247680,00;0,00;887654,43;0,00;4096,00;4096,00;4096,00;10470031360,00;0,00;0,00;0,00;0,00;;;0,00;0,00;LFP-Drop-Stop-FullSync-m262144-f50-d4-s3
LFP,Replace,0Resync,NonBlocking;0,10;10,00;0,03;6000,00;0,01;0,00;1024,00;100,00;3,00;5,00;50000000,00;50;true;0,50;3,00;8,00;5,00;0,00;false;3;Success;597,01;3,68;96,88;79,00;3033088,00;3033088,00;1,02;0,41;0,00;8,00;1,00;1,00;0,00;0,00;19,35;0,00;386,00;45,00;47,00;137216,00;0,00;130,53;0,00;5800,00;320,00;322,00;696320,00;0,00;446,72;0,00;512,00;512,00;512,00;5232640,00;0,00;0,00;0,00;0,00;20,00;16,00;0,00;0,00;LFP-Replace-0Resync-NonBlocking-m1024-f50-d3-s3
LFP,Replace,0Resync,NonBlocking;0,10;10,00;0,03;6000,00;0,01;0,00;1024,00;100,00;3,00;5,00;50000000,00;50;true;0,50;4,00;8,00;5,00;0,00;false;3;Success;4827,17;8,96;96,14;1015,00;25626624,00;25626624,00;2,55;4,10;0,00;80,00;1,00;1,00;0,00;0,00;223,42;0,00;4589,00;365,00;374,00;3862528,00;0,00;1033,62;0,00;49888,00;2560,00;2615,00;6000640,00;0,00;3566,03;0,00;4093,00;4096,00;4096,00;41390080,00;0,00;0,00;0,00;0,00;160,00;96,00;0,00;0,00;LFP-Replace-0Resync-NonBlocking-m1024-f50-d4-s3
LFP,Replace,0Resync,NonBlocking;0,10;10,00;0,03;6000,00;0,01;0,00;1024,00;100,00;3,00;5,00;50000000,00;50;true;0,50;5,00;8,00;5,00;0,00;false;3;Success;41495,94;137,72;0,00;21005,00;265254912,00;265254912,00;33,90;66,05;0,00;1290,00;1,00;1,00;0,00;0,00;4603,25;0,00;99714,00;2925,00;3096,00;133105664,00;0,00;8272,44;0,00;497027,00;20480,00;21560,00;66232320,00;0,00;28554,20;0,00;32764,00;32768,00;32768,00;331171840,00;0,00;0,00;0,00;0,00;1280,00;29,00;0,00;0,00;LFP-Replace-0Resync-NonBlocking-m1024-f50-d5-s3
LFP,Replace,0Resync,NonBlocking;0,10;10,00;0,03;6000,00;0,01;0,00;1024,00;100,00;3,00;5,00;50000000,00;0;true;0,50;4,00;8,00;5,00;0,00;false;3;Success;4772,10;4,19;100,00;585,00;23966720,00;23966720,00;0,00;0,26;0,00;5,00;1,00;1,00;0,00;0,00;149,50;0,00;2920,00;365,00;365,00;747520,00;0,00;1048,58;0,00;46080,00;2560,00;2560,00;5242880,00;0,00;3573,76;0,00;4096,00;4096,00;4096,00;41943040,00;0,00;0,00;0,00;0,00;160,00;160,00;0,00;0,00;LFP-Replace-0Resync-NonBlocking-m1024-f0-d4-s3
LFP,Replace,0Resync,NonBlocking;0,10;10,00;0,03;6000,00;0,01;0,00;1024,00;100,00;3,00;5,00;50000000,00;25;true;0,50;4,00;8,00;5,00;0,00;false;3;Success;4793,20;7,57;96,73;793,00;24760320,00;24760320,00;1,36;3,17;0,00;62,00;1,00;1,00;0,00;0,00;187,17;0,00;3783,00;365,00;368,00;2328576,00;0,00;1036,79;0,00;47782,00;2560,00;2591,00;5607424,00;0,00;3566,07;0,00;4095,00;4096,00;4096,00;41584640,00;0,00;0,00;0,00;0,00;160,00;126,00;0,00;0,00;LFP-Replace-0Resync-NonBlocking-m1024-f25-d4-s3
LFP,Replace,0Resync,NonBlocking;0,10;10,00;0,03;6000,00;0,01;0,00;1024,00;100,00;3,00;5,00;50000000,00;50;true;0,50;4,00;8,00;5,00;0,00;false;3;Success;4827,17;8,96;96,14;1015,00;25626624,00;25626624,00;2,55;4,10;0,00;80,00;1,00;1,00;0,00;0,00;223,42;0,00;4589,00;365,00;374,00;3862528,00;0,00;1033,62;0,00;49888,00;2560,00;2615,00;6000640,00;0,00;3566,03;0,00;4093,00;4096,00;4096,00;41390080,00;0,00;0,00;0,00;0,00;160,00;96,00;0,00;0,00;LFP-Replace-0Resync-NonBlocking-m1024-f50-d4-s3
LFP,Replace,0Resync,NonBlocking;0,10;10,00;0,03;6000,00;0,01;0,00;1024,00;100,00;3,00;5,00;50000000,00;75;true;0,50;4,00;8,00;5,00;0,00;false;3;Success;4831,08;7,93;93,70;1105,00;25956352,00;25956352,00;4,57;2,30;0,00;45,00;1,00;1,00;0,00;0,00;250,78;0,00;5320,00;365,00;379,00;4612096,00;0,00;1015,40;0,00;51803,00;2560,00;2664,00;6453248,00;0,00;3562,60;0,00;4092,00;4096,00;4096,00;40847360,00;0,00;0,00;0,00;0,00;160,00;42,00;0,00;0,00;LFP-Replace-0Resync-NonBlocking-m1024-f75-d4-s3
LFP,Replace,0Resync,NonBlocking;0,10;10,00;0,03;6000,00;0,01;0,00;1024,00;100,00;3,00;5,00;50000000,00;90;true;0,50;4,00;8,00;5,00;0,00;false;3;Success;4972,48;39,01;0,00;2100,00;29358080,00;29358080,00;55,71;24,27;0,00;474,00;1,00;1,00;0,00;0,00;435,10;0,00;10258,00;365,00;379,00;11689984,00;0,00;969,37;0,00;57324,00;2560,00;2697,00;7479296,00;0,00;3543,74;0,00;4087,00;4096,00;4096,00;39546880,00;0,00;0,00;0,00;0,00;160,00;9,00;0,00;0,00;LFP-Replace-0Resync-NonBlocking-m1024-f90-d4-s3
LFP,Replace,0Resync,NonBlocking;0,10;10,00;0,03;6000,00;0,01;0,00;1024,00;100,00;3,00;5,00;50000000,00;50;true;0,50;4,00;8,00;5,00;0,00;false;3;Success;4827,17;8,96;96,14;1015,00;25626624,00;25626624,00;2,55;4,10;0,00;80,00;1,00;1,00;0,00;0,00;223,42;0,00;4589,00;365,00;374,00;3862528,00;0,00;1033,62;0,00;49888,00;2560,00;2615,00;6000640,00;0,00;3566,03;0,00;4093,00;4096,00;4096,00;41390080,00;0,00;0,00;0,00;0,00;160,00;96,00;0,00;0,00;LFP-Replace-0Resync-NonBlocking-m1024-f50-d4-s3
LFP,Replace,0Resync,NonBlocking;0,10;10,00;0,03;6000,00;0,01;0,00;4096,00;100,00;3,00;5,00;50000000,00;50;true;0,50;4,00;8,00;5,00;0,00;false;3;Success;18858,74;26,77;95,90;793,00;99139584,00;99139584,00;1,82;2,25;0,00;11,00;1,00;1,00;0,00;0,00;815,92;0,00;4172,00;365,00;370,00;10625024,00;0,00;4093,65;0,00;48945,00;2560,00;2606,00;23404544,00;0,00;13946,91;0,00;4096,00;4096,00;4096,00;164249600,00;0,00;0,00;0,00;0,00;160,00;109,00;0,00;0,00;LFP-Replace-0Resync-NonBlocking-m4096-f50-d4-s3
LFP,Replace,0Resync,NonBlocking;0,10;10,00;0,03;6000,00;0,01;0,00;16384,00;100,00;3,00;5,00;50000000,00;50;true;0,50;4,00;8,00;5,00;0,00;false;3;Success;75228,71;108,08;95,70;804,00;397099008,00;397099008,00;1,89;9,83;0,00;12,00;1,00;1,00;0,00;0,00;3320,22;0,00;4253,00;365,00;371,00;44433408,00;0,00;16346,64;0,00;49291,00;2560,00;2608,00;94076928,00;0,00;55552,03;0,00;4096,00;4096,00;4096,00;655687680,00;0,00;0,00;0,00;0,00;160,00;106,00;0,00;0,00;LFP-Replace-0Resync-NonBlocking-m16384-f50-d4-s3
LFP,Replace,0Resync,NonBlocking;0,10;10,00;0,03;6000,00;0,01;0,00;65536,00;100,00;3,00;5,00;50000000,00;50;true;0,50;4,00;8,00;5,00;0,00;false;3;Success;302790,21;559,46;95,65;979,00;1641938944,00;1641938944,00;2,58;173,67;0,00;53,00;1,00;1,00;0,00;0,00;15286,27;0,00;4921,00;365,00;375,00;265814016,00;0,00;65357,76;0,00;50931,00;2560,00;2622,00;400556032,00;0,00;221972,51;0,00;4096,00;4096,00;4096,00;2617507840,00;0,00;0,00;0,00;0,00;160,00;88,00;0,00;0,00;LFP-Replace-0Resync-NonBlocking-m65536-f50-d4-s3
LFP,Replace,0Resync,NonBlocking;0,10;10,00;0,03;6000,00;0,01;0,00;262144,00;100,00;3,00;5,00;50000000,00;50;true;0,50;4,00;8,00;5,00;0,00;false;3;Success;1214602,40;2473,11;95,68;1070,00;6661341184,00;6661341184,00;2,94;956,83;0,00;73,00;1,00;1,00;0,00;0,00;64566,07;0,00;5214,00;365,00;375,00;1211105280,00;0,00;261425,08;0,00;52041,00;2560,00;2630,00;1641545728,00;0,00;887654,43;0,00;4096,00;4096,00;4096,00;10470031360,00;0,00;0,00;0,00;0,00;160,00;80,00;0,00;0,00;LFP-Replace-0Resync-NonBlocking-m262144-f50-d4-s3
LFP,Replace,Stay,NonBlocking;0,10;10,00;0,03;6000,00;0,01;0,00;1024,00;100,00;3,00;5,00;50000000,00;50;true;0,50;3,00;8,00;5,00;0,00;false;4;Success;602,26;3,55;99,61;76,00;3041280,00;3041280,00;1,25;0,26;0,00;5,00;1,00;1,00;0,00;0,00;18,94;0,00;370,00;45,00;46,00;112640,00;0,00;130,80;0,00;5866,00;320,00;324,00;681984,00;0,00;452,26;0,00;543,00;512,00;512,00;5287936,00;0,00;0,00;0,00;0,00;160,00;155,00;0,00;0,00;LFP-Replace-Stay-NonBlocking-m1024-f50-d3-s4
LFP,Replace,Stay,NonBlocking;0,10;10,00;0,03;6000,00;0,01;0,00;1024,00;100,00;3,00;5,00;50000000,00;50;true;0,50;4,00;8,00;5,00;0,00;false;4;Success;4834,46;4,96;99,24;665,00;24515584,00;24515584,00;1,36;0,87;0,00;17,00;1,00;1,00;0,00;0,00;167,37;0,00;3269,00;365,00;366,00;1241088,00;0,00;1050,40;0,00;47898,00;2560,00;2592,00;5554176,00;0,00;3615,81;0,00;4344,00;4096,00;4096,00;42235904,00;0,00;0,00;0,00;0,00;1280,00;1247,00;0,00;0,00;LFP-Replace-Stay-NonBlocking-m1024-f50-d4-s4
LFP,Replace,Stay,NonBlocking;0,10;10,00;0,03;6000,00;0,01;0,00;1024,00;100,00;3,00;5,00;50000000,00;50;true;0,50;5,00;8,00;5,00;0,00;false;4;Success;61093,65;136,45;0,00;60579,00;492718080,00;492718080,00;32,12;110,03;0,00;2149,00;1,00;1,00;0,00;0,00;11512,87;0,00;229600,00;2925,00;4019,00;370716672,00;0,00;11059,09;0,00;1154763,00;20480,00;27894,00;179625984,00;0,00;38411,65;0,00;81953,00;32768,00;32768,00;435093504,00;0,00;0,00;0,00;0,00;10240,00;1732,00;0,00;0,00;LFP-Replace-Stay-NonBlocking-m1024-f50-d5-s4
LFP,Replace,Stay,NonBlocking;0,10;10,00;0,03;6000,00;0,01;0,00;1024,00;100,00;3,00;5,00;50000000,00;0;true;0,50;4,00;8,00;5,00;0,00;false;4;Success;4772,10;4,19;100,00;585,00;23966720,00;23966720,00;0,00;0,26;0,00;5,00;1,00;1,00;0,00;0,00;149,50;0,00;2920,00;365,00;365,00;747520,00;0,00;1048,58;0,00;46080,00;2560,00;2560,00;5242880,00;0,00;3573,76;0,00;4096,00;4096,00;4096,00;41943040,00;0,00;0,00;0,00;0,00;1280,00;1280,00;0,00;0,00;LFP-Replace-Stay-NonBlocking-m1024-f0-d4-s4
LFP,Replace,Stay,NonBlocking;0,10;10,00;0,03;6000,00;0,01;0,00;1024,00;100,00;3,00;5,00;50000000,00;25;true;0,50;4,00;8,00;5,00;0,00;false;4;Success;4834,22;5,83;99,34;661,00;24464384,00;24464384,00;1,09;1,79;0,00;35,00;1,00;1,00;0,00;0,00;165,02;0,00;3223,00;365,00;366,00;1208320,00;0,00;1052,14;0,00;47389,00;2560,00;2588,00;5505024,00;0,00;3615,26;0,00;4320,00;4096,00;4096,00;42215424,00;0,00;0,00;0,00;0,00;1280,00;1251,00;0,00;0,00;LFP-Replace-Stay-NonBlocking-m1024-f25-d4-s4
LFP,Replace,Stay,NonBlocking;0,10;10,00;0,03;6000,00;0,01;0,00;1024,00;100,00;3,00;5,00;50000000,00;50;true;0,50;4,00;8,00;5,00;0,00;false;4;Success;4834,46;4,96;99,24;665,00;24515584,00;24515584,00;1,36;0,87;0,00;17,00;1,00;1,00;0,00;0,00;167,37;0,00;3269,00;365,00;366,00;1241088,00;0,00;1050,40;0,00;47898,00;2560,00;2592,00;5554176,00;0,00;3615,81;0,00;4344,00;4096,00;4096,00;42235904,00;0,00;0,00;0,00;0,00;1280,00;1247,00;0,00;0,00;LFP-Replace-Stay-NonBlocking-m1024-f50-d4-s4
LFP,Replace,Stay,NonBlocking;0,10;10,00;0,03;6000,00;0,01;0,00;1024,00;100,00;3,00;5,00;50000000,00;75;true;0,50;4,00;8,00;5,00;0,00;false;4;Success;5755,32;21,70;96,46;2938,00;35234816,00;35234816,00;12,41;15,97;0,00;312,00;1,00;1,00;0,00;0,00;522,07;0,00;10225,00;365,00;414,00;12546048,00;0,00;1163,30;0,00;78137,00;2560,00;2893,00;11311104,00;0,00;4053,98;0,00;6577,00;4096,00;4096,00;46612480,00;0,00;0,00;0,00;0,00;1280,00;898,00;0,00;0,00;LFP-Replace-Stay-NonBlocking-m1024-f75-d4-s4
LFP,Replace,Stay,NonBlocking;0,10;10,00;0,03;6000,00;0,01;0,00;1024,00;100,00;3,00;5,00;50000000,00;90;true;0,50;4,00;8,00;5,00;0,00;false;4;Success;6929,84;24,18;0,00;5835,00;48419840,00;48419840,00;33,67;10,55;0,00;206,00;1,00;1,00;0,00;0,00;920,66;0,00;18791,00;365,00;492,00;24131584,00;0,00;1310,02;0,00;130487,00;2560,00;3475,00;20084736,00;0,00;4688,62;0,00;9794,00;4096,00;4096,00;52623360,00;0,00;0,00;0,00;0,00;1280,00;238,00;0,00;0,00;LFP-Replace-Stay-NonBlocking-m1024-f90-d4-s4
LFP,Replace,Stay,NonBlocking;0,10;10,00;0,03;6000,00;0,01;0,00;1024,00;100,00;3,00;5,00;50000000,00;50;true;0,50;4,00;8,00;5,00;0,00;false;4;Success;4834,46;4,96;99,24;665,00;24515584,00;24515584,00;1,36;0,87;0,00;17,00;1,00;1,00;0,00;0,00;167,37;0,00;3269,00;365,00;366,00;1241088,00;0,00;1050,40;0,00;47898,00;2560,00;2592,00;5554176,00;0,00;3615,81;0,00;4344,00;4096,00;4096,00;42235904,00;0,00;0,00;0,00;0,00;1280,00;1247,00;0,00;0,00;LFP-Replace-Stay-NonBlocking-m1024-f50-d4-s4
LFP,Replace,Stay,NonBlocking;0,10;10,00;0,03;6000,00;0,01;0,00;4096,00;100,00;3,00;5,00;50000000,00;50;true;0,50;4,00;8,00;5,00;0,00;false;4;Success;19497,32;31,28;99,24;909,00;103763968,00;103763968,00;2,37;14,75;0,00;72,00;1,00;1,00;0,00;0,00;859,14;0,00;4195,00;365,00;371,00;11829248,00;0,00;4251,65;0,00;51725,00;2560,00;2621,00;25018368,00;0,00;14371,78;0,00;4579,00;4096,00;4096,00;170680320,00;0,00;0,00;0,00;0,00;1280,00;1213,00;0,00;0,00;LFP-Replace-Stay-NonBlocking-m4096-f50-d4-s4
LFP,Replace,Stay,NonBlocking;0,10;10,00;0,03;6000,00;0,01;0,00;16384,00;100,00;3,00;5,00;50000000,00;50;true;0,50;4,00;8,00;5,00;0,00;false;4;Success;78028,73;137,24;99,24;967,00;420593664,00;420593664,00;2,55;68,81;0,00;84,00;1,00;1,00;0,00;0,00;3600,38;0,00;4395,00;365,00;372,00;54591488,00;0,00;17047,59;0,00;52381,00;2560,00;2628,00;102563840,00;0,00;57311,94;0,00;4632,00;4096,00;4096,00;684032000,00;0,00;0,00;0,00;0,00;1280,00;1205,00;0,00;0,00;LFP-Replace-Stay-NonBlocking-m16384-f50-d4-s4
LFP,Replace,Stay,NonBlocking;0,10;10,00;0,03;6000,00;0,01;0,00;65536,00;100,00;3,00;5,00;50000000,00;50;true;0,50;4,00;8,00;5,00;0,00;false;4;Success;311345,55;526,74;99,24;945,00;1674838016,00;1674838016,00;2,44;258,87;0,00;79,00;1,00;1,00;0,00;0,00;14204,93;0,00;4335,00;365,00;371,00;208928768,00;0,00;68155,60;0,00;52194,00;2560,00;2625,00;405667840,00;0,00;228726,15;0,00;4610,00;4096,00;4096,00;2735079424,00;0,00;0,00;0,00;0,00;1280,00;1209,00;0,00;0,00;LFP-Replace-Stay-NonBlocking-m65536-f50-d4-s4
LFP,Replace,Stay,NonBlocking;0,10;10,00;0,03;6000,00;0,01;0,00;262144,00;100,00;3,00;5,00;50000000,00;50;true;0,50;4,00;8,00;5,00;0,00;false;4;Success;1245112,31;2104,43;99,24;940,00;6699352064,00;6699352064,00;2,44;1035,47;0,00;79,00;1,00;1,00;0,00;0,00;56819,71;0,00;4335,00;365,00;371,00;835715072,00;0,00;272631,20;0,00;52225,00;2560,00;2625,00;1622671360,00;0,00;914625,93;0,00;4610,00;4096,00;4096,00;10940317696,00;0,00;0,00;0,00;0,00;1280,00;1209,00;0,00;0,00;LFP-Replace-Stay-NonBlocking-m262144-f50-d4-s4
LFP,Drop,Stop,FullSync;0,10;10,00;0,03;6000,00;0,01;0,00;1024,00;100,00;3,00;5,00;50000000,00;50;true;0,50;3,00;8,00;5,00;0,00;false;4;Success;547,59;3,52;82,75;61,00;2759680,00;2759680,00;1,25;0,26;0,00;5,00;1,00;1,00;0,00;0,00;15,36;0,00;1760,00;45,00;45,00;81920,00;0,00;113,41;0,00;4345,00;320,00;320,00;542720,00;0,00;418,57;0,00;511,00;512,00;512,00;4894720,00;0,00;0,00;0,00;0,00;;;0,00;0,00;LFP-Drop-Stop-FullSync-m1024-f50-d3-s4
LFP,Drop,Stop,FullSync;0,10;10,00;0,03;6000,00;0,01;0,00;1024,00;100,00;3,00;5,00;50000000,00;50;true;0,50;4,00;8,00;5,00;0,00;false;4;Success;4701,71;4,22;95,09;560,00;23366656,00;23366656,00;1,18;0,26;0,00;5,00;1,00;1,00;0,00;0,00;145,36;0,00;16015,00;365,00;365,00;737280,00;0,00;1017,29;0,00;39686,00;2560,00;2560,00;5087232,00;0,00;3538,81;0,00;4096,00;4096,00;4096,00;40908800,00;0,00;0,00;0,00;0,00;;;0,00;0,00;LFP-Drop-Stop-FullSync-m1024-f50-d4-s4
LFP,Drop,Stop,FullSync;0,10;10,00;0,03;6000,00;0,01;0,00;1024,00;100,00;3,00;5,00;50000000,00;50;true;0,50;5,00;8,00;5,00;0,00;false;4;Success;36509,87;4,77;88,81;4246,00;180571136,00;180571136,00;1,17;0,26;0,00;5,00;1,00;1,00;0,00;0,00;1090,36;0,00;119052,00;2925,00;2925,00;5498880,00;0,00;7776,41;0,00;302091,00;20480,00;20480,00;38418432,00;0,00;27642,85;0,00;32763,00;32768,00;32768,00;317224960,00;0,00;0,00;0,00;0,00;;;0,00;0,00;LFP-Drop-Stop-FullSync-m1024-f50-d5-s4
LFP,Drop,Stop,FullSync;0,10;10,00;0,03;6000,00;0,01;0,00;1024,00;100,00;3,00;5,00;50000000,00;0;true;0,50;4,00;8,00;5,00;0,00;false;4;Success;4772,10;4,32;100,00;585,00;23966720,00;23966720,00;0,00;0,26;0,00;5,00;1,00;1,00;0,00;0,00;149,50;0,00;16060,00;365,00;365,00;747520,00;0,00;1048,58;0,00;40960,00;2560,00;2560,00;5242880,00;0,00;3573,76;0,00;4096,00;4096,00;4096,00;41943040,00;0,00;0,00;0,00;0,00;;;0,00;0,00;LFP-Drop-Stop-FullSync-m1024-f0-d4-s4
LFP,Drop,Stop,FullSync;0,10;10,00;0,03;6000,00;0,01;0,00;1024,00;100,00;3,00;5,00;50000000,00;25;true;0,50;4,00;8,00;5,00;0,00;false;4;Success;4727,49;4,24;96,50;576,00;23601152,00;23601152,00;0,83;0,26;0,00;5,00;1,00;1,00;0,00;0,00;149,40;0,00;16126,00;365,00;365,00;745472,00;0,00;1027,94;0,00;40457,00;2560,00;2560,00;5240832,00;0,00;3549,89;0,00;4096,00;4096,00;4096,00;41216000,00;0,00;0,00;0,00;0,00;;;0,00;0,00;LFP-Drop-Stop-FullSync-m1024-f25-d4-s4
LFP,Drop,Stop,FullSync;0,10;10,00;0,03;6000,00;0,01;0,00;1024,00;100,00;3,00;5,00;50000000,00;50;true;0,50;4,00;8,00;5,00;0,00;false;4;Success;4701,71;4,22;95,09;560,00;23366656,00;23366656,00;1,18;0,26;0,00;5,00;1,00;1,00;0,00;0,00;145,36;0,00;16015,00;365,00;365,00;737280,00;0,00;1017,29;0,00;39686,00;2560,00;2560,00;5087232,00;0,00;3538,81;0,00;4096,00;4096,00;4096,00;40908800,00;0,00;0,00;0,00;0,00;;;0,00;0,00;LFP-Drop-Stop-FullSync-m1024-f50-d4-s4
LFP,Drop,Stop,FullSync;0,10;10,00;0,03;6000,00;0,01;0,00;1024,00;100,00;3,00;5,00;50000000,00;75;true;0,50;4,00;8,00;5,00;0,00;false;4;Success;4614,57;4,17;89,12;545,00;22253568,00;22253568,00;2,45;0,26;0,00;5,00;1,00;1,00;0,00;0,00;141,06;0,00;15882,00;365,00;365,00;724992,00;0,00;968,55;0,00;38222,00;2560,00;2560,00;4941824,00;0,00;3504,71;0,00;4096,00;4096,00;4096,00;38840320,00;0,00;0,00;0,00;0,00;;;0,00;0,00;LFP-Drop-Stop-FullSync-m1024-f75-d4-s4
LFP,Drop,Stop,FullSync;0,10;10,00;0,03;6000,00;0,01;0,00;1024,00;100,00;3,00;5,00;50000000,00;90;true;0,50;4,00;8,00;5,00;0,00;false;4;Success;4238,09;4,04;54,37;348,00;18497536,00;18497536,00;5,97;0,26;0,00;5,00;1,00;1,00;0,00;0,00;93,03;0,00;11409,00;365,00;365,00;509952,00;0,00;815,77;0,00;32438,00;2560,00;2560,00;3276800,00;0,00;3329,03;0,00;4093,00;4096,00;4096,00;33208320,00;0,00;0,00;0,00;0,00;;;0,00;0,00;LFP-Drop-Stop-FullSync-m1024-f90-d4-s4
LFP,Drop,Stop,FullSync;0,10;10,00;0,03;6000,00;0,01;0,00;1024,00;100,00;3,00;5,00;50000000,00;50;true;0,50;4,00;8,00;5,00;0,00;false;4;Success;4701,71;4,22;95,09;560,00;23366656,00;23366656,00;1,18;0,26;0,00;5,00;1,00;1,00;0,00;0,00;145,36;0,00;16015,00;365,00;365,00;737280,00;0,00;1017,29;0,00;39686,00;2560,00;2560,00;5087232,00;0,00;3538,81;0,00;4096,00;4096,00;4096,00;40908800,00;0,00;0,00;0,00;0,00;;;0,00;0,00;LFP-Drop-Stop-FullSync-m1024-f50-d4-s4
LFP,Drop,Stop,FullSync;0,10;10,00;0,03;6000,00;0,01;0,00;4096,00;100,00;3,00;5,00;50000000,00;50;true;0,50;4,00;8,00;5,00;0,00;false;4;Success;18580,44;15,71;94,90;561,00;93421568,00;93421568,00;1,10;1,02;0,00;5,00;1,00;1,00;0,00;0,00;577,13;0,00;15978,00;365,00;365,00;2949120,00;0,00;4072,45;0,00;39670,00;2560,00;2560,00;20176896,00;0,00;13929,85;0,00;4096,00;4096,00;4096,00;163717120,00;0,00;0,00;0,00;0,00;;;0,00;0,00;LFP-Drop-Stop-FullSync-m4096-f50-d4-s4
LFP,Drop,Stop,FullSync;0,10;10,00;0,03;6000,00;0,01;0,00;16384,00;100,00;3,00;5,00;50000000,00;50;true;0,50;4,00;8,00;5,00;0,00;false;4;Success;74078,79;61,00;94,70;560,00;373538816,00;373538816,00;1,10;4,10;0,00;5,00;1,00;1,00;0,00;0,00;2301,13;0,00;15953,00;365,00;365,00;11796480,00;0,00;16289,79;0,00;39650,00;2560,00;2560,00;80412672,00;0,00;55483,76;0,00;4096,00;4096,00;4096,00;654868480,00;0,00;0,00;0,00;0,00;;;0,00;0,00;LFP-Drop-Stop-FullSync-m16384-f50-d4-s4
LFP,Drop,Stop,FullSync;0,10;10,00;0,03;6000,00;0,01;0,00;65536,00;100,00;3,00;5,00;50000000,00;50;true;0,50;4,00;8,00;5,00;0,00;false;4;Success;296050,04;242,87;94,31;559,00;1493565440,00;1493565440,00;1,10;16,38;0,00;5,00;1,00;1,00;0,00;0,00;9175,04;0,00;15928,00;365,00;365,00;47185920,00;0,00;65159,17;0,00;39630,00;2560,00;2560,00;320471040,00;0,00;221699,44;0,00;4096,00;4096,00;4096,00;2619473920,00;0,00;0,00;0,00;0,00;;;0,00;0,00;LFP-Drop-Stop-FullSync-m65536-f50-d4-s4
LFP,Drop,Stop,FullSync;0,10;10,00;0,03;6000,00;0,01;0,00;262144,00;100,00;3,00;5,00;50000000,00;50;true;0,50;4,00;8,00;5,00;0,00;false;4;Success;1183964,53;970,32;94,31;559,00;5974261760,00;5974261760,00;1,10;65,54;0,00;5,00;1,00;1,00;0,00;0,00;36700,16;0,00;15928,00;365,00;365,00;188743680,00;0,00;260636,67;0,00;39630,00;2560,00;2560,00;1281884160,00;0,00;886562,17;0,00;4096,00;4096,00;4096,00;10477895680,00;0,00;0,00;0,00;0,00;;;0,00;0,00;LFP-Drop-Stop-FullSync-m262144-f50-d4-s4
LFP,Replace,0Resync,NonBlocking;0,10;10,00;0,03;6000,00;0,01;0,00;1024,00;100,00;3,00;5,00;50000000,00;50;true;0,50;3,00;8,00;5,00;0,00;false;4;Success;586,60;3,50;93,36;71,00;2818048,00;2818048,00;1,25;0,26;0,00;5,00;1,00;1,00;0,00;0,00;17,92;0,00;366,00;45,00;46,00;102400,00;0,00;122,58;0,00;5457,00;320,00;324,00;638976,00;0,00;445,85;0,00;511,00;512,00;512,00;4894720,00;0,00;0,00;0,00;0,00;20,00;15,00;0,00;0,00;LFP-Replace-0Resync-NonBlocking-m1024-f50-d3-s4
LFP,Replace,0Resync,NonBlocking;0,10;10,00;0,03;6000,00;0,01;0,00;1024,00;100,00;3,00;5,00;50000000,00;50;true;0,50;4,00;8,00;5,00;0,00;false;4;Success;4809,65;7,68;95,63;912,00;25266176,00;25266176,00;2,27;3,07;0,00;60,00;1,00;1,00;0,00;0,00;209,56;0,00;4311,00;365,00;371,00;3309568,00;0,00;1030,93;0,00;48918,00;2560,00;2615,00;5822464,00;0,00;3566,09;0,00;4096,00;4096,00;4096,00;41400320,00;0,00;0,00;0,00;0,00;160,00;99,00;0,00;0,00;LFP-Replace-0Resync-NonBlocking-m1024-f50-d4-s4
LFP,Replace,0Resync,NonBlocking;0,10;10,00;0,03;6000,00;0,01;0,00;1024,00;100,00;3,00;5,00;50000000,00;50;true;0,50;5,00;8,00;5,00;0,00;false;4;Success;41316,21;94,72;0,00;20629,00;266398720,00;266398720,00;23,52;44,13;0,00;862,00;1,00;1,00;0,00;0,00;4437,33;0,00;96522,00;2925,00;3080,00;134316032,00;0,00;8284,83;0,00;501704,00;20480,00;21569,00;66695168,00;0,00;28549,91;0,00;32763,00;32768,00;32768,00;331786240,00;0,00;0,00;0,00;0,00;1280,00;36,00;0,00;0,00;LFP-Replace-0Resync-NonBlocking-m1024-f50-d5-s4
LFP,Replace,0Resync,NonBlocking;0,10;10,00;0,03;6000,00;0,01;0,00;1024,00;100,00;3,00;5,00;50000000,00;0;true;0,50;4,00;8,00;5,00;0,00;false;4;Success;4772,10;4,19;100,00;585,00;23966720,00;23966720,00;0,00;0,26;0,00;5,00;1,00;1,00;0,00;0,00;149,50;0,00;2920,00;365,00;365,00;747520,00;0,00;1048,58;0,00;46080,00;2560,00;2560,00;5242880,00;0,00;3573,76;0,00;4096,00;4096,00;4096,00;41943040,00;0,00;0,00;0,00;0,00;160,00;160,00;0,00;0,00;LFP-Replace-0Resync-NonBlocking-m1024-f0-d4-s4
LFP,Replace,0Resync,NonBlocking;0,10;10,00;0,03;6000,00;0,01;0,00;1024,00;100,00;3,00;5,00;50000000,00;25;true;0,50;4,00;8,00;5,00;0,00;false;4;Success;4806,92;8,55;96,04;836,00;24997888,00;24997888,00;1,63;4,40;0,00;86,00;1,00;1,00;0,00;0,00;197,02;0,00;4010,00;365,00;367,00;2842624,00;0,00;1035,15;0,00;48234,00;2560,00;2601,00;5691392,00;0,00;3570,35;0,00;4096,00;4096,00;4096,00;41461760,00;0,00;0,00;0,00;0,00;160,00;117,00;0,00;0,00;LFP-Replace-0Resync-NonBlocking-m1024-f25-d4-s4
LFP,Replace,0Resync,NonBlocking;0,10;10,00;0,03;6000,00;0,01;0,00;1024,00;100,00;3,00;5,00;50000000,00;50;true;0,50;4,00;8,00;5,00;0,00;false;4;Success;4809,65;7,68;95,63;912,00;25266176,00;25266176,00;2,27;3,07;0,00;60,00;1,00;1,00;0,00;0,00;209,56;0,00;4311,00;365,00;371,00;3309568,00;0,00;1030,93;0,00;48918,00;2560,00;2615,00;5822464,00;0,00;3566,09;0,00;4096,00;4096,00;4096,00;41400320,00;0,00;0,00;0,00;0,00;160,00;99,00;0,00;0,00;LFP-Replace-0Resync-NonBlocking-m1024-f50-d4-s4
LFP,Replace,0Resync,NonBlocking;0,10;10,00;0,03;6000,00;0,01;0,00;1024,00;100,00;3,00;5,00;50000000,00;75;true;0,50;4,00;8,00;5,00;0,00;false;4;Success;5101,71;33,84;80,00;2608,00;32731136,00;32731136,00;20,03;27,60;0,00;539,00;1,00;1,00;0,00;0,00;500,91;0,00;11223,00;365,00;379,00;16351232,00;0,00;1013,93;0,00;62206,00;2560,00;2698,00;8232960,00;0,00;3559,27;0,00;4096,00;4096,00;4096,00;40878080,00;0,00;0,00;0,00;0,00;160,00;8,00;0,00;0,00;LFP-Replace-0Resync-NonBlocking-m1024-f75-d4-s4
LFP,Replace,0Resync,NonBlocking;0,10;10,00;0,03;6000,00;0,01;0,00;1024,00;100,00;3,00;5,00;50000000,00;90;true;0,50;4,00;8,00;5,00;0,00;false;4;Success;4876,23;19,20;0,00;1641,00;27843584,00;27843584,00;28,29;5,99;0,00;117,00;1,00;1,00;0,00;0,00;371,80;0,00;8830,00;365,00;379,00;9703424,00;0,00;952,02;0,00;54583,00;2560,00;2696,00;7092224,00;0,00;3546,42;0,00;4093,00;4096,00;4096,00;38891520,00;0,00;0,00;0,00;0,00;160,00;10,00;0,00;0,00;LFP-Replace-0Resync-NonBlocking-m1024-f90-d4-s4
LFP,Replace,0Resync,NonBlocking;0,10;10,00;0,03;6000,00;0,01;0,00;1024,00;100,00;3,00;5,00;50000000,00;50;true;0,50;4,00;8,00;5,00;0,00;false;4;Success;4809,65;7,68;95,63;912,00;25266176,00;25266176,00;2,27;3,07;0,00;60,00;1,00;1,00;0,00;0,00;209,56;0,00;4311,00;365,00;371,00;3309568,00;0,00;1030,93;0,00;48918,00;2560,00;2615,00;5822464,00;0,00;3566,09;0,00;4096,00;4096,00;4096,00;41400320,00;0,00;0,00;0,00;0,00;160,00;99,00;0,00;0,00;LFP-Replace-0Resync-NonBlocking-m1024-f50-d4-s4
LFP,Replace,0Resync,NonBlocking;0,10;10,00;0,03;6000,00;0,01;0,00;4096,00;100,00;3,00;5,00;50000000,00;50;true;0,50;4,00;8,00;5,00;0,00;false;4;Success;19120,24;40,90;94,19;1168,00;104984576,00;104984576,00;3,22;20,07;0,00;98,00;1,00;1,00;0,00;0,00;1021,20;0,00;5335,00;365,00;374,00;20660224,00;0,00;4094,52;0,00;51490,00;2560,00;2644,00;25264128,00;0,00;13984,45;0,00;4096,00;4096,00;4096,00;164044800,00;0,00;0,00;0,00;0,00;160,00;67,00;0,00;0,00;LFP-Replace-0Resync-NonBlocking-m4096-f50-d4-s4
LFP,Replace,0Resync,NonBlocking;0,10;10,00;0,03;6000,00;0,01;0,00;16384,00;100,00;3,00;5,00;50000000,00;50;true;0,50;4,00;8,00;5,00;0,00;false;4;Success;75599,99;140,85;94,21;977,00;408715264,00;408715264,00;2,69;49,97;0,00;61,00;1,00;1,00;0,00;0,00;3729,00;0,00;4844,00;365,00;372,00;65077248,00;0,00;16337,26;0,00;50378,00;2560,00;2633,00;97484800,00;0,00;55483,76;0,00;4096,00;4096,00;4096,00;654868480,00;0,00;0,00;0,00;0,00;160,00;80,00;0,00;0,00;LFP-Replace-0Resync-NonBlocking-m16384-f50-d4-s4
LFP,Replace,0Resync,NonBlocking;0,10;10,00;0,03;6000,00;0,01;0,00;65536,00;100,00;3,00;5,00;50000000,00;50;true;0,50;4,00;8,00;5,00;0,00;false;4;Success;301051,78;480,81;94,43;889,00;1608581120,00;1608581120,00;2,30;114,69;0,00;35,00;1,00;1,00;0,00;0,00;13919,85;0,00;4492,00;365,00;371,00;218234880,00;0,00;65317,80;0,00;49532,00;2560,00;2621,00;379453440,00;0,00;221699,44;0,00;4096,00;4096,00;4096,00;2619473920,00;0,00;0,00;0,00;0,00;160,00;93,00;0,00;0,00;LFP-Replace-0Resync-NonBlocking-m65536-f50-d4-s4
LFP,Replace,0Resync,NonBlocking;0,10;10,00;0,03;6000,00;0,01;0,00;262144,00;100,00;3,00;5,00;50000000,00;50;true;0,50;4,00;8,00;5,00;0,00;false;4;Success;1203652,90;1909,50;94,21;882,00;6427770880,00;6427770880,00;2,26;445,64;0,00;34,00;1,00;1,00;0,00;0,00;55482,78;0,00;4477,00;365,00;371,00;859832320,00;0,00;261162,31;0,00;49380,00;2560,00;2621,00;1517813760,00;0,00;886562,17;0,00;4096,00;4096,00;4096,00;10477895680,00;0,00;0,00;0,00;0,00;160,00;93,00;0,00;0,00;LFP-Replace-0Resync-NonBlocking-m262144-f50-d4-s4
