buildingBlocks;selectivity;maxToAverageRatio;averageLatency;averageBandwidth;averageCryptoTime;averageComputeTime;modelSize;failCheckPeriod;healthCheckPeriod;multicastSize;deadline;failureRate;adaptedFailures;backupsToAggregatorsRatio;depth;fanout;groupSize;concentration;random;seed;status;work;latency;completeness;circulatingAggregateIds;finalInboundBandwidth;finalOutboundBandwidth;observedFailureRate;observedContributorsFailureRate;observedWorkersFailureRate;abortedReplacements;work_Querier;failures_Querier;messages_Querier;initial_nodes_Querier;final_nodes_Querier;inbound_bandwidth_Querier;outbound_bandwidth_Querier;propagation_Querier;versions_Querier;work_Aggregator;failures_Aggregator;messages_Aggregator;initial_nodes_Aggregator;final_nodes_Aggregator;inbound_bandwidth_Aggregator;outbound_bandwidth_Aggregator;propagation_Aggregator;versions_Aggregator;work_LeafAggregator;failures_LeafAggregator;messages_LeafAggregator;initial_nodes_LeafAggregator;final_nodes_LeafAggregator;inbound_bandwidth_LeafAggregator;outbound_bandwidth_LeafAggregator;propagation_LeafAggregator;versions_LeafAggregator;work_Contributor;failures_Contributor;messages_Contributor;initial_nodes_Contributor;final_nodes_Contributor;inbound_bandwidth_Contributor;outbound_bandwidth_Contributor;propagation_Contributor;versions_Contributor;work_Backup;failures_Backup;messages_Backup;initial_nodes_Backup;final_nodes_Backup;inbound_bandwidth_Backup;outbound_bandwidth_Backup;propagation_Backup;versions_Backup;work_level_0;failures_level_0;messages_level_0;inbound_bandwidth_level_0;outbound_bandwidth_level_0;propagation_level_0;versions_level_0;work_level_1;failures_level_1;messages_level_1;inbound_bandwidth_level_1;outbound_bandwidth_level_1;propagation_level_1;versions_level_1;work_level_2;failures_level_2;messages_level_2;inbound_bandwidth_level_2;outbound_bandwidth_level_2;propagation_level_2;versions_level_2;work_level_3;failures_level_3;messages_level_3;inbound_bandwidth_level_3;outbound_bandwidth_level_3;propagation_level_3;versions_level_3;work_level_4;failures_level_4;messages_level_4;inbound_bandwidth_level_4;outbound_bandwidth_level_4;propagation_level_4;versions_level_4;work_level_5;failures_level_5;messages_level_5;inbound_bandwidth_level_5;outbound_bandwidth_level_5;propagation_level_5;versions_level_5;name
FFP,Drop,Stop,1,None;0,10;10,00;0,03;6000,00;0,01;0,00;1024,00;100,00;3,00;5,00;50000000,00;400;false;0,20;5,00;8,00;5,00;0,00;false;0;FFP;28552,47;1,15;0,00;0,00;0,00;0,00;0,28;0,27;0,30;16,00;0,00;0,00;0,00;1,00;1,00;0,00;0,00;0,00;0,00;0,00;5,00;0,00;2925,00;2926,00;0,00;0,00;0,00;0,00;0,00;66,00;170,00;20480,00;20496,00;0,00;0,00;16,00;0,00;28552,47;89,00;32763,00;32768,00;32768,00;0,00;0,00;0,00;0,00;0,00;17,00;0,00;4681,00;4664,00;0,00;0,00;0,00;0,00;28552,47;89,00;32763,00;0,00;0,00;0,00;0,00;0,00;66,00;170,00;0,00;0,00;16,00;0,00;0,00;5,00;0,00;0,00;0,00;0,00;0,00;0,00;0,00;0,00;0,00;0,00;0,00;0,00;0,00;0,00;0,00;0,00;0,00;0,00;0,00;0,00;0,00;0,00;0,00;0,00;0,00;0,00;FFP-Drop-Stop-1-None-m1024-f400-d5-s0
FFP,Drop,Stop,1,None;0,10;10,00;0,03;6000,00;0,01;0,00;1024,00;100,00;3,00;5,00;50000000,00;400;false;0,20;4,00;8,00;5,00;0,00;false;0;FFP;3568,64;1,27;0,00;0,00;0,00;0,00;0,31;0,37;0,24;2,00;0,00;0,00;0,00;1,00;1,00;0,00;0,00;0,00;0,00;0,00;0,00;0,00;365,00;365,00;0,00;0,00;0,00;0,00;0,00;7,00;30,00;2560,00;2562,00;0,00;0,00;2,00;0,00;3568,64;15,00;4096,00;4096,00;4096,00;0,00;0,00;0,00;0,00;0,00;1,00;0,00;585,00;583,00;0,00;0,00;0,00;0,00;3568,64;15,00;4096,00;0,00;0,00;0,00;0,00;0,00;7,00;30,00;0,00;0,00;2,00;0,00;0,00;0,00;0,00;0,00;0,00;0,00;0,00;0,00;0,00;0,00;0,00;0,00;0,00;0,00;0,00;0,00;0,00;0,00;0,00;0,00;0,00;0,00;0,00;0,00;0,00;0,00;0,00;0,00;FFP-Drop-Stop-1-None-m1024-f400-d4-s0
FFP,Drop,Stop,1,None;0,10;10,00;0,03;6000,00;0,01;0,00;1024,00;100,00;3,00;5,00;50000000,00;400;false;0,20;3,00;8,00;5,00;0,00;false;0;FFP;576,87;2,07;0,00;2,00;2611200,00;2611200,00;0,57;0,78;0,27;1,00;0,00;0,00;0,00;1,00;1,00;0,00;0,00;0,00;0,00;0,51;0,00;10,00;45,00;45,00;0,00;0,00;0,00;0,00;129,64;1,00;2552,00;320,00;321,00;10240,00;10240,00;1,00;2,00;446,72;4,00;512,00;512,00;512,00;2600960,00;2600960,00;0,00;0,00;0,00;0,00;0,00;73,00;72,00;0,00;0,00;0,00;0,00;446,72;4,00;512,00;2600960,00;2600960,00;0,00;0,00;129,64;1,00;2552,00;10240,00;10240,00;1,00;2,00;0,51;0,00;10,00;0,00;0,00;0,00;0,00;0,00;0,00;0,00;0,00;0,00;0,00;0,00;0,00;0,00;0,00;0,00;0,00;0,00;0,00;0,00;0,00;0,00;0,00;0,00;0,00;0,00;FFP-Drop-Stop-1-None-m1024-f400-d3-s0
FFP,Drop,Stop,1,None;0,10;10,00;0,03;6000,00;0,01;0,00;1024,00;100,00;3,00;5,00;50000000,00;0;false;0,20;4,00;8,00;5,00;0,00;false;0;Success;4772,10;4,19;100,00;585,00;23966720,00;23966720,00;0,00;0,00;0,00;0,00;0,26;0,00;5,00;1,00;1,00;0,00;0,00;0,00;0,00;149,50;0,00;2920,00;365,00;365,00;373760,00;373760,00;0,00;73,00;1048,58;0,00;20480,00;2560,00;2560,00;2621440,00;2621440,00;0,00;512,00;3573,76;0,00;4096,00;4096,00;4096,00;20971520,00;20971520,00;0,00;0,00;0,00;0,00;0,00;585,00;585,00;0,00;0,00;0,00;0,00;3573,76;0,00;4096,00;20971520,00;20971520,00;0,00;0,00;1048,58;0,00;20480,00;2621440,00;2621440,00;0,00;512,00;131,07;0,00;2560,00;327680,00;327680,00;0,00;64,00;16,38;0,00;320,00;40960,00;40960,00;0,00;8,00;2,05;0,00;40,00;5120,00;5120,00;0,00;1,00;0,26;0,00;5,00;0,00;0,00;0,00;0,00;FFP-Drop-Stop-1-None-m1024-f0-d4-s0
FFP,Drop,Stop,1,None;0,10;10,00;0,03;6000,00;0,01;0,00;1024,00;100,00;3,00;5,00;50000000,00;6400;false;0,20;4,00;8,00;5,00;0,00;false;0;Success;4772,10;4,19;100,00;585,00;23966720,00;23966720,00;0,03;0,02;0,03;0,00;0,26;0,00;5,00;1,00;1,00;0,00;0,00;0,00;0,00;149,50;0,00;2920,00;365,00;365,00;373760,00;373760,00;0,00;73,00;1048,58;1,00;20480,00;2560,00;2560,00;2621440,00;2621440,00;0,00;512,00;3573,76;1,00;4096,00;4096,00;4096,00;20971520,00;20971520,00;0,00;0,00;0,00;1,00;0,00;585,00;585,00;0,00;0,00;0,00;0,00;3573,76;1,00;4096,00;20971520,00;20971520,00;0,00;0,00;1048,58;1,00;20480,00;2621440,00;2621440,00;0,00;512,00;131,07;0,00;2560,00;327680,00;327680,00;0,00;64,00;16,38;0,00;320,00;40960,00;40960,00;0,00;8,00;2,05;0,00;40,00;5120,00;5120,00;0,00;1,00;0,26;0,00;5,00;0,00;0,00;0,00;0,00;FFP-Drop-Stop-1-None-m1024-f6400-d4-s0
FFP,Drop,Stop,1,None;0,10;10,00;0,03;6000,00;0,01;0,00;1024,00;100,00;3,00;5,00;50000000,00;400;false;0,20;4,00;8,00;5,00;0,00;false;0;FFP;3568,64;1,27;0,00;0,00;0,00;0,00;0,31;0,37;0,24;2,00;0,00;0,00;0,00;1,00;1,00;0,00;0,00;0,00;0,00;0,00;0,00;0,00;365,00;365,00;0,00;0,00;0,00;0,00;0,00;7,00;30,00;2560,00;2562,00;0,00;0,00;2,00;0,00;3568,64;15,00;4096,00;4096,00;4096,00;0,00;0,00;0,00;0,00;0,00;1,00;0,00;585,00;583,00;0,00;0,00;0,00;0,00;3568,64;15,00;4096,00;0,00;0,00;0,00;0,00;0,00;7,00;30,00;0,00;0,00;2,00;0,00;0,00;0,00;0,00;0,00;0,00;0,00;0,00;0,00;0,00;0,00;0,00;0,00;0,00;0,00;0,00;0,00;0,00;0,00;0,00;0,00;0,00;0,00;0,00;0,00;0,00;0,00;0,00;0,00;FFP-Drop-Stop-1-None-m1024-f400-d4-s0
FFP,Drop,Stop,1,None;0,10;10,00;0,03;6000,00;0,01;0,00;1024,00;100,00;3,00;5,00;50000000,00;333,333;false;0,20;4,00;8,00;5,00;0,00;false;0;FFP;3567,79;1,24;0,00;0,00;0,00;0,00;0,34;0,42;0,24;3,00;0,00;0,00;0,00;1,00;1,00;0,00;0,00;0,00;0,00;0,00;0,00;0,00;365,00;365,00;0,00;0,00;0,00;0,00;0,00;7,00;35,00;2560,00;2563,00;0,00;0,00;3,00;0,00;3567,79;17,00;4096,00;4096,00;4096,00;0,00;0,00;0,00;0,00;0,00;1,00;0,00;585,00;582,00;0,00;0,00;0,00;0,00;3567,79;17,00;4096,00;0,00;0,00;0,00;0,00;0,00;7,00;35,00;0,00;0,00;3,00;0,00;0,00;0,00;0,00;0,00;0,00;0,00;0,00;0,00;0,00;0,00;0,00;0,00;0,00;0,00;0,00;0,00;0,00;0,00;0,00;0,00;0,00;0,00;0,00;0,00;0,00;0,00;0,00;0,00;FFP-Drop-Stop-1-None-m1024-f333.333-d4-s0
FFP,Drop,Stop,1,None;0,10;10,00;0,03;6000,00;0,01;0,00;1024,00;100,00;3,00;5,00;50000000,00;285,714;false;0,20;4,00;8,00;5,00;0,00;false;0;FFP;3564,38;1,22;0,00;0,00;0,00;0,00;0,41;0,54;0,24;3,00;0,00;0,00;0,00;1,00;1,00;0,00;0,00;0,00;0,00;0,00;0,00;0,00;365,00;365,00;0,00;0,00;0,00;0,00;0,00;7,00;45,00;2560,00;2563,00;0,00;0,00;3,00;0,00;3564,38;22,00;4096,00;4096,00;4096,00;0,00;0,00;0,00;0,00;0,00;1,00;0,00;585,00;582,00;0,00;0,00;0,00;0,00;3564,38;22,00;4096,00;0,00;0,00;0,00;0,00;0,00;7,00;45,00;0,00;0,00;3,00;0,00;0,00;0,00;0,00;0,00;0,00;0,00;0,00;0,00;0,00;0,00;0,00;0,00;0,00;0,00;0,00;0,00;0,00;0,00;0,00;0,00;0,00;0,00;0,00;0,00;0,00;0,00;0,00;0,00;FFP-Drop-Stop-1-None-m1024-f285.714-d4-s0
FFP,Drop,Stop,1,None;0,10;10,00;0,03;6000,00;0,01;0,00;1024,00;100,00;3,00;5,00;50000000,00;250;false;0,20;4,00;8,00;5,00;0,00;false;0;FFP;3563,53;1,20;0,00;0,00;0,00;0,00;0,47;0,61;0,27;4,00;0,00;0,00;0,00;1,00;1,00;0,00;0,00;0,00;0,00;0,00;0,00;0,00;365,00;365,00;0,00;0,00;0,00;0,00;0,00;8,00;55,00;2560,00;2564,00;0,00;0,00;4,00;0,00;3563,53;25,00;4096,00;4096,00;4096,00;0,00;0,00;0,00;0,00;0,00;1,00;0,00;585,00;581,00;0,00;0,00;0,00;0,00;3563,53;25,00;4096,00;0,00;0,00;0,00;0,00;0,00;8,00;55,00;0,00;0,00;4,00;0,00;0,00;0,00;0,00;0,00;0,00;0,00;0,00;0,00;0,00;0,00;0,00;0,00;0,00;0,00;0,00;0,00;0,00;0,00;0,00;0,00;0,00;0,00;0,00;0,00;0,00;0,00;0,00;0,00;FFP-Drop-Stop-1-None-m1024-f250-d4-s0
FFP,Drop,Stop,1,None;0,10;10,00;0,03;6000,00;0,01;0,00;1024,00;100,00;3,00;5,00;50000000,00;222,222;false;0,20;4,00;8,00;5,00;0,00;false;0;FFP;3561,82;1,19;0,00;0,00;0,00;0,00;0,50;0,63;0,31;4,00;0,00;0,00;0,00;1,00;1,00;0,00;0,00;0,00;0,00;0,00;0,00;0,00;365,00;365,00;0,00;0,00;0,00;0,00;0,00;9,00;60,00;2560,00;2564,00;0,00;0,00;4,00;0,00;3561,82;26,00;4096,00;4096,00;4096,00;0,00;0,00;0,00;0,00;0,00;1,00;0,00;585,00;581,00;0,00;0,00;0,00;0,00;3561,82;26,00;4096,00;0,00;0,00;0,00;0,00;0,00;9,00;60,00;0,00;0,00;4,00;0,00;0,00;0,00;0,00;0,00;0,00;0,00;0,00;0,00;0,00;0,00;0,00;0,00;0,00;0,00;0,00;0,00;0,00;0,00;0,00;0,00;0,00;0,00;0,00;0,00;0,00;0,00;0,00;0,00;FFP-Drop-Stop-1-None-m1024-f222.222-d4-s0
FFP,Drop,Stop,1,None;0,10;10,00;0,03;6000,00;0,01;0,00;1024,00;100,00;3,00;5,00;50000000,00;200;false;0,20;4,00;8,00;5,00;0,00;false;0;FFP;3560,97;1,18;0,00;0,00;0,00;0,00;0,63;0,76;0,44;5,00;0,00;0,00;0,00;1,00;1,00;0,00;0,00;0,00;0,00;0,00;2,00;0,00;365,00;365,00;0,00;0,00;0,00;0,00;0,00;11,00;65,00;2560,00;2565,00;0,00;0,00;5,00;0,00;3560,97;31,00;4096,00;4096,00;4096,00;0,00;0,00;0,00;0,00;0,00;2,00;0,00;585,00;580,00;0,00;0,00;0,00;0,00;3560,97;31,00;4096,00;0,00;0,00;0,00;0,00;0,00;11,00;65,00;0,00;0,00;5,00;0,00;0,00;2,00;0,00;0,00;0,00;0,00;0,00;0,00;0,00;0,00;0,00;0,00;0,00;0,00;0,00;0,00;0,00;0,00;0,00;0,00;0,00;0,00;0,00;0,00;0,00;0,00;0,00;0,00;FFP-Drop-Stop-1-None-m1024-f200-d4-s0
FFP,Drop,Stop,1,None;0,10;10,00;0,03;6000,00;0,01;0,00;1024,00;100,00;3,00;5,00;50000000,00;166,666;false;0,20;4,00;8,00;5,00;0,00;false;0;FFP;3560,12;1,16;0,00;0,00;0,00;0,00;0,67;0,78;0,51;5,00;0,00;0,00;0,00;1,00;1,00;0,00;0,00;0,00;0,00;0,00;2,00;0,00;365,00;365,00;0,00;0,00;0,00;0,00;0,00;13,00;75,00;2560,00;2565,00;0,00;0,00;5,00;0,00;3560,12;32,00;4096,00;4096,00;4096,00;0,00;0,00;0,00;0,00;0,00;4,00;0,00;585,00;580,00;0,00;0,00;0,00;0,00;3560,12;32,00;4096,00;0,00;0,00;0,00;0,00;0,00;13,00;75,00;0,00;0,00;5,00;0,00;0,00;2,00;0,00;0,00;0,00;0,00;0,00;0,00;0,00;0,00;0,00;0,00;0,00;0,00;0,00;0,00;0,00;0,00;0,00;0,00;0,00;0,00;0,00;0,00;0,00;0,00;0,00;0,00;FFP-Drop-Stop-1-None-m1024-f166.666-d4-s0
FFP,Drop,Stop,1,None;0,10;10,00;0,03;6000,00;0,01;0,00;1024,00;100,00;3,00;5,00;50000000,00;125;false;0,20;4,00;8,00;5,00;0,00;false;0;FFP;3552,45;1,14;0,00;0,00;0,00;0,00;0,92;1,12;0,65;6,00;0,00;0,00;0,00;1,00;1,00;0,00;0,00;0,00;0,00;0,00;3,00;0,00;365,00;365,00;0,00;0,00;0,00;0,00;0,00;16,00;100,00;2560,00;2566,00;0,00;0,00;6,00;0,00;3552,45;46,00;4096,00;4096,00;4096,00;0,00;0,00;0,00;0,00;0,00;4,00;0,00;585,00;579,00;0,00;0,00;0,00;0,00;3552,45;46,00;4096,00;0,00;0,00;0,00;0,00;0,00;16,00;100,00;0,00;0,00;6,00;0,00;0,00;3,00;0,00;0,00;0,00;0,00;0,00;0,00;0,00;0,00;0,00;0,00;0,00;0,00;0,00;0,00;0,00;0,00;0,00;0,00;0,00;0,00;0,00;0,00;0,00;0,00;0,00;0,00;FFP-Drop-Stop-1-None-m1024-f125-d4-s0
FFP,Drop,Stop,1,None;0,10;10,00;0,03;6000,00;0,01;0,00;1024,00;100,00;3,00;5,00;50000000,00;100;false;0,20;4,00;8,00;5,00;0,00;false;0;FFP;3546,46;1,13;0,00;0,00;0,00;0,00;1,17;1,34;0,92;6,00;0,00;0,00;0,00;1,00;1,00;0,00;0,00;0,00;0,00;0,00;3,00;0,00;365,00;365,00;0,00;0,00;0,00;0,00;0,00;24,00;120,00;2560,00;2566,00;0,00;0,00;6,00;0,00;3546,46;55,00;4095,00;4096,00;4096,00;0,00;0,00;0,00;0,00;0,00;5,00;0,00;585,00;579,00;0,00;0,00;0,00;0,00;3546,46;55,00;4095,00;0,00;0,00;0,00;0,00;0,00;24,00;120,00;0,00;0,00;6,00;0,00;0,00;3,00;0,00;0,00;0,00;0,00;0,00;0,00;0,00;0,00;0,00;0,00;0,00;0,00;0,00;0,00;0,00;0,00;0,00;0,00;0,00;0,00;0,00;0,00;0,00;0,00;0,00;0,00;FFP-Drop-Stop-1-None-m1024-f100-d4-s0
FFP,Drop,Stop,1,None;0,10;10,00;0,03;6000,00;0,01;0,00;1024,00;100,00;3,00;5,00;50000000,00;83,333;false;0,20;4,00;8,00;5,00;0,00;false;0;FFP;3545,59;1,12;0,00;0,00;0,00;0,00;1,37;1,56;1,09;7,00;0,00;0,00;0,00;1,00;1,00;0,00;0,00;0,00;0,00;0,00;4,00;0,00;365,00;365,00;0,00;0,00;0,00;0,00;0,00;28,00;135,00;2560,00;2567,00;0,00;0,00;7,00;0,00;3545,59;64,00;4094,00;4096,00;4096,00;0,00;0,00;0,00;0,00;0,00;7,00;0,00;585,00;578,00;0,00;0,00;0,00;0,00;3545,59;64,00;4094,00;0,00;0,00;0,00;0,00;0,00;28,00;135,00;0,00;0,00;7,00;0,00;0,00;4,00;0,00;0,00;0,00;0,00;0,00;0,00;0,00;0,00;0,00;0,00;0,00;0,00;0,00;0,00;0,00;0,00;0,00;0,00;0,00;0,00;0,00;0,00;0,00;0,00;0,00;0,00;FFP-Drop-Stop-1-None-m1024-f83.333-d4-s0
FFP,Drop,Stop,1,None;0,10;10,00;0,03;6000,00;0,01;0,00;256,00;100,00;3,00;5,00;50000000,00;400;false;0,20;4,00;8,00;5,00;0,00;false;0;FFP;1250,65;1,27;0,00;576,00;5972992,00;5972992,00;0,31;0,37;0,24;2,00;0,00;0,00;0,00;1,00;1,00;0,00;0,00;0,00;0,00;36,70;0,00;2867,00;365,00;365,00;83712,00;83712,00;0,00;67,00;261,63;7,00;20470,00;2560,00;2562,00;650240,00;650240,00;3,00;509,00;952,32;15,00;4096,00;4096,00;4096,00;5239040,00;5239040,00;0,00;0,00;0,00;1,00;0,00;585,00;583,00;0,00;0,00;0,00;0,00;952,32;15,00;4096,00;5239040,00;5239040,00;0,00;0,00;261,63;7,00;20470,00;650240,00;650240,00;3,00;509,00;32,51;0,00;2540,00;76800,00;76800,00;0,00;61,00;3,84;0,00;300,00;6912,00;6912,00;0,00;6,00;0,35;0,00;27,00;0,00;0,00;0,00;0,00;0,00;0,00;0,00;0,00;0,00;0,00;0,00;FFP-Drop-Stop-1-None-m256-f400-d4-s0
FFP,Drop,Stop,1,None;0,10;10,00;0,03;6000,00;0,01;0,00;1024,00;100,00;3,00;5,00;50000000,00;400;false;0,20;4,00;8,00;5,00;0,00;false;0;FFP;3568,64;1,27;0,00;0,00;0,00;0,00;0,31;0,37;0,24;2,00;0,00;0,00;0,00;1,00;1,00;0,00;0,00;0,00;0,00;0,00;0,00;0,00;365,00;365,00;0,00;0,00;0,00;0,00;0,00;7,00;30,00;2560,00;2562,00;0,00;0,00;2,00;0,00;3568,64;15,00;4096,00;4096,00;4096,00;0,00;0,00;0,00;0,00;0,00;1,00;0,00;585,00;583,00;0,00;0,00;0,00;0,00;3568,64;15,00;4096,00;0,00;0,00;0,00;0,00;0,00;7,00;30,00;0,00;0,00;2,00;0,00;0,00;0,00;0,00;0,00;0,00;0,00;0,00;0,00;0,00;0,00;0,00;0,00;0,00;0,00;0,00;0,00;0,00;0,00;0,00;0,00;0,00;0,00;0,00;0,00;0,00;0,00;0,00;0,00;FFP-Drop-Stop-1-None-m1024-f400-d4-s0
FFP,Drop,Stop,1,None;0,10;10,00;0,03;6000,00;0,01;0,00;4096,00;100,00;3,00;5,00;50000000,00;400;false;0,20;4,00;8,00;5,00;0,00;false;0;FFP;13970,80;3,00;0,00;0,00;0,00;0,00;0,77;0,90;0,58;2,00;0,00;0,00;0,00;1,00;1,00;0,00;0,00;0,00;0,00;0,00;3,00;0,00;365,00;365,00;0,00;0,00;0,00;0,00;0,00;14,00;154,00;2560,00;2569,00;0,00;0,00;2,00;0,00;13970,80;37,00;4096,00;4096,00;4096,00;0,00;0,00;0,00;0,00;0,00;4,00;0,00;585,00;576,00;0,00;0,00;0,00;0,00;13970,80;37,00;4096,00;0,00;0,00;0,00;0,00;0,00;14,00;154,00;0,00;0,00;2,00;0,00;0,00;3,00;0,00;0,00;0,00;0,00;0,00;0,00;0,00;0,00;0,00;0,00;0,00;0,00;0,00;0,00;0,00;0,00;0,00;0,00;0,00;0,00;0,00;0,00;0,00;0,00;0,00;0,00;FFP-Drop-Stop-1-None-m4096-f400-d4-s0
FFP,Drop,Stop,1,None;0,10;10,00;0,03;6000,00;0,01;0,00;16384,00;100,00;3,00;5,00;50000000,00;400;false;0,20;4,00;8,00;5,00;0,00;false;0;FFP;81,92;7,54;0,00;0,00;0,00;0,00;2,07;2,42;1,58;1,00;0,00;0,00;0,00;1,00;1,00;0,00;0,00;0,00;0,00;0,00;5,00;0,00;365,00;370,00;0,00;0,00;0,00;0,00;0,00;42,00;463,00;2560,00;2598,00;0,00;0,00;1,00;0,00;81,92;99,00;4096,00;4096,00;4096,00;0,00;0,00;0,00;0,00;0,00;9,00;0,00;585,00;542,00;0,00;0,00;0,00;0,00;81,92;99,00;4096,00;0,00;0,00;0,00;0,00;0,00;42,00;463,00;0,00;0,00;1,00;0,00;0,00;5,00;0,00;0,00;0,00;0,00;0,00;0,00;0,00;0,00;0,00;0,00;0,00;0,00;0,00;0,00;0,00;0,00;0,00;0,00;0,00;0,00;0,00;0,00;0,00;0,00;0,00;0,00;FFP-Drop-Stop-1-None-m16384-f400-d4-s0
FFP,Drop,Stop,1,None;0,10;10,00;0,03;6000,00;0,01;0,00;1024,00;100,00;3,00;5,00;50000000,00;400;false;0,20;4,00;8,00;5,00;0,00;false;0;FFP;3568,64;1,27;0,00;0,00;0,00;0,00;0,31;0,37;0,24;2,00;0,00;0,00;0,00;1,00;1,00;0,00;0,00;0,00;0,00;0,00;0,00;0,00;365,00;365,00;0,00;0,00;0,00;0,00;0,00;7,00;30,00;2560,00;2562,00;0,00;0,00;2,00;0,00;3568,64;15,00;4096,00;4096,00;4096,00;0,00;0,00;0,00;0,00;0,00;1,00;0,00;585,00;583,00;0,00;0,00;0,00;0,00;3568,64;15,00;4096,00;0,00;0,00;0,00;0,00;0,00;7,00;30,00;0,00;0,00;2,00;0,00;0,00;0,00;0,00;0,00;0,00;0,00;0,00;0,00;0,00;0,00;0,00;0,00;0,00;0,00;0,00;0,00;0,00;0,00;0,00;0,00;0,00;0,00;0,00;0,00;0,00;0,00;0,00;0,00;FFP-Drop-Stop-1-None-m1024-f400-d4-s0
LFP,Replace,Stay,1,NonBlocking;0,10;10,00;0,03;6000,00;0,01;0,00;1024,00;100,00;3,00;5,00;50000000,00;400;false;0,20;5,00;8,00;5,00;0,00;false;0;Success;52866,51;105,31;0,00;46915,00;409987072,00;409987072,00;26,20;26,84;25,44;0,00;90,83;0,00;1774,00;1,00;1,00;0,00;0,00;0,00;0,00;9009,80;929,00;186764,00;2925,00;3473,00;143768576,00;143768576,00;401,00;34230,00;9808,35;6114,00;647325,00;20480,00;24171,00;71504896,00;71504896,00;2422,00;12697,00;33957,53;8796,00;59760,00;32768,00;32768,00;194713600,00;194713600,00;0,00;0,00;0,00;442,00;0,00;4681,00;442,00;0,00;0,00;0,00;0,00;33957,53;8796,00;59760,00;194713600,00;194713600,00;0,00;0,00;9808,35;6114,00;647325,00;71504896,00;71504896,00;2422,00;12697,00;3528,66;816,00;78195,00;56966144,00;56966144,00;346,00;10195,00;2781,83;102,00;55660,00;44713984,00;44713984,00;50,00;9241,00;2207,08;10,00;43295,00;40071168,00;40071168,00;4,00;12872,00;492,24;1,00;9614,00;2017280,00;2017280,00;1,00;1955,00;LFP-Replace-Stay-1-NonBlocking-m1024-f400-d5-s0
LFP,Replace,Stay,1,NonBlocking;0,10;10,00;0,03;6000,00;0,01;0,00;1024,00;100,00;3,00;5,00;50000000,00;400;false;0,20;4,00;8,00;5,00;0,00;false;0;Success;4918,40;8,90;98,88;968,00;25933824,00;25933824,00;2,43;2,81;1,92;0,00;4,51;0,00;88,00;1,00;1,00;0,00;0,00;0,00;0,00;216,88;7,00;4236,00;365,00;371,00;1567744,00;1567744,00;0,00;371,00;1060,00;50,00;41769,00;2560,00;2604,00;3133440,00;3133440,00;0,00;597,00;3637,02;115,00;4437,00;4096,00;4096,00;21232640,00;21232640,00;0,00;0,00;0,00;9,00;0,00;585,00;535,00;0,00;0,00;0,00;0,00;3637,02;115,00;4437,00;21232640,00;21232640,00;0,00;0,00;1060,00;50,00;41769,00;3133440,00;3133440,00;0,00;597,00;155,80;7,00;3043,00;773120,00;773120,00;0,00;147,00;38,66;0,00;755,00;452608,00;452608,00;0,00;97,00;22,43;0,00;438,00;342016,00;342016,00;0,00;127,00;4,51;0,00;88,00;0,00;0,00;0,00;0,00;LFP-Replace-Stay-1-NonBlocking-m1024-f400-d4-s0
LFP,Replace,Stay,1,NonBlocking;0,10;10,00;0,03;6000,00;0,01;0,00;1024,00;100,00;3,00;5,00;50000000,00;400;false;0,20;3,00;8,00;5,00;0,00;false;0;Success;601,09;3,53;99,22;75,00;3009536,00;3009536,00;1,36;1,37;1,36;0,00;0,26;0,00;5,00;1,00;1,00;0,00;0,00;0,00;0,00;18,94;0,00;370,00;45,00;45,00;51200,00;51200,00;0,00;10,00;130,36;5,00;4844,00;320,00;323,00;332800,00;332800,00;0,00;65,00;451,53;7,00;536,00;512,00;512,00;2625536,00;2625536,00;0,00;0,00;0,00;1,00;0,00;73,00;70,00;0,00;0,00;0,00;0,00;451,53;7,00;536,00;2625536,00;2625536,00;0,00;0,00;130,36;5,00;4844,00;332800,00;332800,00;0,00;65,00;16,64;0,00;325,00;46080,00;46080,00;0,00;9,00;2,30;0,00;45,00;5120,00;5120,00;0,00;1,00;0,26;0,00;5,00;0,00;0,00;0,00;0,00;0,00;0,00;0,00;0,00;0,00;0,00;0,00;LFP-Replace-Stay-1-NonBlocking-m1024-f400-d3-s0
LFP,Replace,Stay,1,NonBlocking;0,10;10,00;0,03;6000,00;0,01;0,00;1024,00;100,00;3,00;5,00;50000000,00;0;false;0,20;4,00;8,00;5,00;0,00;false;0;Success;4772,10;4,19;100,00;585,00;23966720,00;23966720,00;0,00;0,00;0,00;0,00;0,26;0,00;5,00;1,00;1,00;0,00;0,00;0,00;0,00;149,50;0,00;2920,00;365,00;365,00;373760,00;373760,00;0,00;73,00;1048,58;0,00;38400,00;2560,00;2560,00;2621440,00;2621440,00;0,00;512,00;3573,76;0,00;4096,00;4096,00;4096,00;20971520,00;20971520,00;0,00;0,00;0,00;0,00;0,00;585,00;585,00;0,00;0,00;0,00;0,00;3573,76;0,00;4096,00;20971520,00;20971520,00;0,00;0,00;1048,58;0,00;38400,00;2621440,00;2621440,00;0,00;512,00;131,07;0,00;2560,00;327680,00;327680,00;0,00;64,00;16,38;0,00;320,00;40960,00;40960,00;0,00;8,00;2,05;0,00;40,00;5120,00;5120,00;0,00;1,00;0,26;0,00;5,00;0,00;0,00;0,00;0,00;LFP-Replace-Stay-1-NonBlocking-m1024-f0-d4-s0
LFP,Replace,Stay,1,NonBlocking;0,10;10,00;0,03;6000,00;0,01;0,00;1024,00;100,00;3,00;5,00;50000000,00;6400;false;0,20;4,00;8,00;5,00;0,00;false;0;Success;4773,75;4,19;100,00;585,00;23974912,00;23974912,00;0,03;0,02;0,03;0,00;0,26;0,00;5,00;1,00;1,00;0,00;0,00;0,00;0,00;149,50;0,00;2920,00;365,00;365,00;373760,00;373760,00;0,00;73,00;1048,63;1,00;38401,00;2560,00;2561,00;2621440,00;2621440,00;0,00;512,00;3575,36;1,00;4104,00;4096,00;4096,00;20979712,00;20979712,00;0,00;0,00;0,00;1,00;0,00;585,00;584,00;0,00;0,00;0,00;0,00;3575,36;1,00;4104,00;20979712,00;20979712,00;0,00;0,00;1048,63;1,00;38401,00;2621440,00;2621440,00;0,00;512,00;131,07;0,00;2560,00;327680,00;327680,00;0,00;64,00;16,38;0,00;320,00;40960,00;40960,00;0,00;8,00;2,05;0,00;40,00;5120,00;5120,00;0,00;1,00;0,26;0,00;5,00;0,00;0,00;0,00;0,00;LFP-Replace-Stay-1-NonBlocking-m1024-f6400-d4-s0
LFP,Replace,Stay,1,NonBlocking;0,10;10,00;0,03;6000,00;0,01;0,00;1024,00;100,00;3,00;5,00;50000000,00;400;false;0,20;4,00;8,00;5,00;0,00;false;0;Success;4918,40;8,90;98,88;968,00;25933824,00;25933824,00;2,43;2,81;1,92;0,00;4,51;0,00;88,00;1,00;1,00;0,00;0,00;0,00;0,00;216,88;7,00;4236,00;365,00;371,00;1567744,00;1567744,00;0,00;371,00;1060,00;50,00;41769,00;2560,00;2604,00;3133440,00;3133440,00;0,00;597,00;3637,02;115,00;4437,00;4096,00;4096,00;21232640,00;21232640,00;0,00;0,00;0,00;9,00;0,00;585,00;535,00;0,00;0,00;0,00;0,00;3637,02;115,00;4437,00;21232640,00;21232640,00;0,00;0,00;1060,00;50,00;41769,00;3133440,00;3133440,00;0,00;597,00;155,80;7,00;3043,00;773120,00;773120,00;0,00;147,00;38,66;0,00;755,00;452608,00;452608,00;0,00;97,00;22,43;0,00;438,00;342016,00;342016,00;0,00;127,00;4,51;0,00;88,00;0,00;0,00;0,00;0,00;LFP-Replace-Stay-1-NonBlocking-m1024-f400-d4-s0
LFP,Replace,Stay,1,NonBlocking;0,10;10,00;0,03;6000,00;0,01;0,00;1024,00;100,00;3,00;5,00;50000000,00;333,333;false;0,20;4,00;8,00;5,00;0,00;false;0;Success;4927,44;8,14;98,80;963,00;25935872,00;25935872,00;2,57;2,95;2,04;0,00;3,33;0,00;65,00;1,00;1,00;0,00;0,00;0,00;0,00;217,65;9,00;4251,00;365,00;372,00;1510400,00;1510400,00;0,00;360,00;1059,27;52,00;41947,00;2560,00;2610,00;3182592,00;3182592,00;0,00;603,00;3647,19;121,00;4492,00;4096,00;4096,00;21242880,00;21242880,00;0,00;0,00;0,00;9,00;0,00;585,00;528,00;0,00;0,00;0,00;0,00;3647,19;121,00;4492,00;21242880,00;21242880,00;0,00;0,00;1059,27;52,00;41947,00;3182592,00;3182592,00;0,00;603,00;157,80;9,00;3082,00;764928,00;764928,00;0,00;146,00;38,25;0,00;747,00;432128,00;432128,00;0,00;97,00;21,61;0,00;422,00;313344,00;313344,00;0,00;117,00;3,33;0,00;65,00;0,00;0,00;0,00;0,00;LFP-Replace-Stay-1-NonBlocking-m1024-f333.333-d4-s0
LFP,Replace,Stay,1,NonBlocking;0,10;10,00;0,03;6000,00;0,01;0,00;1024,00;100,00;3,00;5,00;50000000,00;285,714;false;0,20;4,00;8,00;5,00;0,00;false;0;Success;4931,15;7,85;98,78;1009,00;26061824,00;26061824,00;2,87;3,37;2,18;0,00;3,33;0,00;65,00;1,00;1,00;0,00;0,00;0,00;0,00;223,18;10,00;4359,00;365,00;374,00;1584128,00;1584128,00;0,00;401,00;1060,41;55,00;42248,00;2560,00;2612,00;3228672,00;3228672,00;0,00;608,00;3644,23;138,00;4507,00;4096,00;4096,00;21249024,00;21249024,00;0,00;0,00;0,00;10,00;0,00;585,00;524,00;0,00;0,00;0,00;0,00;3644,23;138,00;4507,00;21249024,00;21249024,00;0,00;0,00;1060,41;55,00;42248,00;3228672,00;3228672,00;0,00;608,00;159,74;10,00;3120,00;821248,00;821248,00;0,00;156,00;41,06;0,00;802,00;471040,00;471040,00;0,00;107,00;22,37;0,00;437,00;291840,00;291840,00;0,00;138,00;3,33;0,00;65,00;0,00;0,00;0,00;0,00;LFP-Replace-Stay-1-NonBlocking-m1024-f285.714-d4-s0
LFP,Replace,Stay,1,NonBlocking;0,10;10,00;0,03;6000,00;0,01;0,00;1024,00;100,00;3,00;5,00;50000000,00;250;false;0,20;4,00;8,00;5,00;0,00;false;0;Success;4929,29;7,28;98,73;997,00;25942016,00;25942016,00;3,04;3,54;2,34;0,00;2,87;0,00;56,00;1,00;1,00;0,00;0,00;0,00;0,00;220,83;10,00;4313,00;365,00;374,00;1487872,00;1487872,00;0,00;389,00;1058,06;60,00;42157,00;2560,00;2613,00;3226624,00;3226624,00;0,00;608,00;3647,54;145,00;4515,00;4096,00;4096,00;21227520,00;21227520,00;0,00;0,00;0,00;11,00;0,00;585,00;523,00;0,00;0,00;0,00;0,00;3647,54;145,00;4515,00;21227520,00;21227520,00;0,00;0,00;1058,06;60,00;42157,00;3226624,00;3226624,00;0,00;608,00;160,00;10,00;3125,00;813056,00;813056,00;0,00;154,00;40,65;0,00;794,00;447488,00;447488,00;0,00;111,00;20,17;0,00;394,00;227328,00;227328,00;0,00;124,00;2,87;0,00;56,00;0,00;0,00;0,00;0,00;LFP-Replace-Stay-1-NonBlocking-m1024-f250-d4-s0
LFP,Replace,Stay,1,NonBlocking;0,10;10,00;0,03;6000,00;0,01;0,00;1024,00;100,00;3,00;5,00;50000000,00;222,222;false;0,20;4,00;8,00;5,00;0,00;false;0;Success;4996,42;8,70;98,44;1209,00;26814464,00;26814464,00;3,97;4,49;3,26;0,00;3,79;0,00;74,00;1,00;1,00;0,00;0,00;0,00;0,00;250,06;12,00;4884,00;365,00;376,00;1978368,00;1978368,00;0,00;563,00;1065,65;86,00;43743,00;2560,00;2633,00;3449856,00;3449856,00;0,00;646,00;3676,91;184,00;4670,00;4096,00;4096,00;21386240,00;21386240,00;0,00;0,00;0,00;20,00;0,00;585,00;501,00;0,00;0,00;0,00;0,00;3676,91;184,00;4670,00;21386240,00;21386240,00;0,00;0,00;1065,65;86,00;43743,00;3449856,00;3449856,00;0,00;646,00;171,16;12,00;3343,00;1030144,00;1030144,00;0,00;195,00;51,51;0,00;1006,00;652288,00;652288,00;0,00;163,00;27,39;0,00;535,00;295936,00;295936,00;0,00;205,00;3,79;0,00;74,00;0,00;0,00;0,00;0,00;LFP-Replace-Stay-1-NonBlocking-m1024-f222.222-d4-s0
LFP,Replace,Stay,1,NonBlocking;0,10;10,00;0,03;6000,00;0,01;0,00;1024,00;100,00;3,00;5,00;50000000,00;200;false;0,20;4,00;8,00;5,00;0,00;false;0;Success;6097,62;33,99;95,90;4370,00;40757248,00;40757248,00;16,50;17,92;14,80;0,00;28,42;0,00;555,00;1,00;1,00;0,00;0,00;0,00;0,00;701,60;60,00;13713,00;365,00;424,00;9968640,00;9968640,00;0,00;3181,00;1199,88;445,00;67346,00;2560,00;2981,00;6922240,00;6922240,00;0,00;1189,00;4167,73;734,00;7129,00;4096,00;4096,00;23866368,00;23866368,00;0,00;0,00;0,00;61,00;0,00;585,00;105,00;0,00;0,00;0,00;0,00;4167,73;734,00;7129,00;23866368,00;23866368,00;0,00;0,00;1199,88;445,00;67346,00;6922240,00;6922240,00;0,00;1189,00;344,43;57,00;6737,00;4082688,00;4082688,00;0,00;738,00;203,32;3,00;3971,00;3301376,00;3301376,00;0,00;803,00;153,86;0,00;3005,00;2584576,00;2584576,00;0,00;1640,00;28,42;0,00;555,00;0,00;0,00;0,00;0,00;LFP-Replace-Stay-1-NonBlocking-m1024-f200-d4-s0
LFP,Replace,Stay,1,NonBlocking;0,10;10,00;0,03;6000,00;0,01;0,00;1024,00;100,00;3,00;5,00;50000000,00;166,666;false;0,20;4,00;8,00;5,00;0,00;false;0;Success;6151,53;30,15;95,78;4165,00;40786944,00;40786944,00;17,56;19,24;15,57;0,00;24,27;0,00;474,00;1,00;1,00;0,00;0,00;0,00;0,00;709,23;65,00;13934,00;365,00;430,00;9566208,00;9566208,00;0,00;2935,00;1206,27;476,00;69175,00;2560,00;3017,00;7191552,00;7191552,00;17,00;1230,00;4211,76;788,00;7358,00;4096,00;4096,00;24029184,00;24029184,00;0,00;0,00;0,00;61,00;0,00;585,00;63,00;0,00;0,00;0,00;0,00;4211,76;788,00;7358,00;24029184,00;24029184,00;0,00;0,00;1206,27;476,00;69175,00;7191552,00;7191552,00;17,00;1230,00;357,95;61,00;7073,00;4360192,00;4360192,00;0,00;791,00;216,63;4,00;4231,00;3449856,00;3449856,00;0,00;884,00;134,66;0,00;2630,00;1756160,00;1756160,00;0,00;1260,00;24,27;0,00;474,00;0,00;0,00;0,00;0,00;LFP-Replace-Stay-1-NonBlocking-m1024-f166.666-d4-s0
LFP,Replace,Stay,1,NonBlocking;0,10;10,00;0,03;6000,00;0,01;0,00;1024,00;100,00;3,00;5,00;50000000,00;125;false;0,20;4,00;8,00;5,00;0,00;false;0;Success;6764,72;63,30;0,00;8011,00;56465408,00;56465408,00;50,84;51,64;49,88;0,00;56,12;0,00;1096,00;1,00;1,00;0,00;0,00;0,00;0,00;1297,82;216,00;30712,00;365,00;426,00;19896320,00;19896320,00;1821,00;5555,00;1203,06;1508,00;99001,00;2560,00;3021,00;12549120,00;12549120,00;1052,00;2543,00;4207,72;2115,00;7388,00;4096,00;4096,00;24019968,00;24019968,00;0,00;0,00;0,00;63,00;0,00;585,00;63,00;0,00;0,00;0,00;0,00;4207,72;2115,00;7388,00;24019968,00;24019968,00;0,00;0,00;1203,06;1508,00;99001,00;12549120,00;12549120,00;1052,00;2543,00;576,41;194,00;14601,00;10149888,00;10149888,00;705,00;1737,00;466,33;19,00;11088,00;7258112,00;7258112,00;1113,00;1649,00;255,08;3,00;5023,00;2488320,00;2488320,00;3,00;2189,00;56,12;0,00;1096,00;0,00;0,00;0,00;0,00;LFP-Replace-Stay-1-NonBlocking-m1024-f125-d4-s0
LFP,Replace,Stay,1,NonBlocking;0,10;10,00;0,03;6000,00;0,01;0,00;1024,00;100,00;3,00;5,00;50000000,00;100;false;0,20;4,00;8,00;5,00;0,00;false;0;Success;6522,34;39,27;0,00;6218,00;50786304,00;50786304,00;39,24;40,99;37,16;0,00;32,00;0,00;625,00;1,00;1,00;0,00;0,00;0,00;0,00;1098,50;156,00;24350,00;365,00;426,00;15992832,00;15992832,00;193,00;4181,00;1193,59;1131,00;90850,00;2560,00;3020,00;10878976,00;10878976,00;671,00;2076,00;4198,25;1679,00;7379,00;4096,00;4096,00;23914496,00;23914496,00;0,00;0,00;0,00;64,00;0,00;585,00;64,00;0,00;0,00;0,00;0,00;4198,25;1679,00;7379,00;23914496,00;23914496,00;0,00;0,00;1193,59;1131,00;90850,00;10878976,00;10878976,00;671,00;2076,00;514,00;142,00;12361,00;8877056,00;8877056,00;169,00;1589,00;420,71;13,00;8787,00;6150144,00;6150144,00;23,00;1680,00;163,79;1,00;3202,00;965632,00;965632,00;1,00;920,00;32,00;0,00;625,00;0,00;0,00;0,00;0,00;LFP-Replace-Stay-1-NonBlocking-m1024-f100-d4-s0
LFP,Replace,Stay,1,NonBlocking;0,10;10,00;0,03;6000,00;0,01;0,00;1024,00;100,00;3,00;5,00;50000000,00;83,333;false;0,20;4,00;8,00;5,00;0,00;false;0;Success;6297,39;25,44;0,00;5150,00;45807616,00;45807616,00;30,16;31,88;28,11;0,00;16,13;0,00;315,00;1,00;1,00;0,00;0,00;0,00;0,00;898,87;112,00;19242,00;365,00;425,00;12805120,00;12805120,00;65,00;3484,00;1184,44;863,00;81330,00;2560,00;3021,00;9205760,00;9205760,00;402,00;1670,00;4197,95;1306,00;7380,00;4096,00;4096,00;23796736,00;23796736,00;0,00;0,00;0,00;64,00;0,00;585,00;64,00;0,00;0,00;0,00;0,00;4197,95;1306,00;7380,00;23796736,00;23796736,00;0,00;0,00;1184,44;863,00;81330,00;9205760,00;9205760,00;402,00;1670,00;444,88;103,00;10155,00;7181312,00;7181312,00;59,00;1341,00;349,49;8,00;7046,00;5147648,00;5147648,00;5,00;1682,00;104,50;1,00;2041,00;476160,00;476160,00;1,00;462,00;16,13;0,00;315,00;0,00;0,00;0,00;0,00;LFP-Replace-Stay-1-NonBlocking-m1024-f83.333-d4-s0
LFP,Replace,Stay,1,NonBlocking;0,10;10,00;0,03;6000,00;0,01;0,00;256,00;100,00;3,00;5,00;50000000,00;400;false;0,20;4,00;8,00;5,00;0,00;false;0;Success;1258,45;2,12;99,66;633,00;6054656,00;6054656,00;0,50;0,63;0,31;0,00;0,45;0,00;35,00;1,00;1,00;0,00;0,00;0,00;0,00;39,72;0,00;3103,00;365,00;365,00;131072,00;131072,00;0,00;108,00;262,25;9,00;38822,00;2560,00;2567,00;672256,00;672256,00;0,00;525,00;956,04;26,00;4152,00;4096,00;4096,00;5251328,00;5251328,00;0,00;0,00;0,00;1,00;0,00;585,00;578,00;0,00;0,00;0,00;0,00;956,04;26,00;4152,00;5251328,00;5251328,00;0,00;0,00;262,25;9,00;38822,00;672256,00;672256,00;0,00;525,00;33,61;0,00;2626,00;97536,00;97536,00;0,00;76,00;4,88;0,00;381,00;24576,00;24576,00;0,00;20,00;1,23;0,00;96,00;8960,00;8960,00;0,00;12,00;0,45;0,00;35,00;0,00;0,00;0,00;0,00;LFP-Replace-Stay-1-NonBlocking-m256-f400-d4-s0
LFP,Replace,Stay,1,NonBlocking;0,10;10,00;0,03;6000,00;0,01;0,00;1024,00;100,00;3,00;5,00;50000000,00;400;false;0,20;4,00;8,00;5,00;0,00;false;0;Success;4918,40;8,90;98,88;968,00;25933824,00;25933824,00;2,43;2,81;1,92;0,00;4,51;0,00;88,00;1,00;1,00;0,00;0,00;0,00;0,00;216,88;7,00;4236,00;365,00;371,00;1567744,00;1567744,00;0,00;371,00;1060,00;50,00;41769,00;2560,00;2604,00;3133440,00;3133440,00;0,00;597,00;3637,02;115,00;4437,00;4096,00;4096,00;21232640,00;21232640,00;0,00;0,00;0,00;9,00;0,00;585,00;535,00;0,00;0,00;0,00;0,00;3637,02;115,00;4437,00;21232640,00;21232640,00;0,00;0,00;1060,00;50,00;41769,00;3133440,00;3133440,00;0,00;597,00;155,80;7,00;3043,00;773120,00;773120,00;0,00;147,00;38,66;0,00;755,00;452608,00;452608,00;0,00;97,00;22,43;0,00;438,00;342016,00;342016,00;0,00;127,00;4,51;0,00;88,00;0,00;0,00;0,00;0,00;LFP-Replace-Stay-1-NonBlocking-m1024-f400-d4-s0
LFP,Replace,Stay,1,NonBlocking;0,10;10,00;0,03;6000,00;0,01;0,00;4096,00;100,00;3,00;5,00;50000000,00;400;false;0,20;4,00;8,00;5,00;0,00;false;0;Success;25348,70;138,29;0,00;5554,00;198361088,00;198361088,00;34,30;35,67;32,67;0,00;97,69;0,00;477,00;1,00;1,00;0,00;0,00;0,00;0,00;4215,09;138,00;22798,00;365,00;429,00;61030400,00;61030400,00;99,00;3677,00;4754,34;990,00;88654,00;2560,00;3020,00;41615360,00;41615360,00;530,00;1891,00;16281,58;1461,00;7400,00;4096,00;4096,00;95715328,00;95715328,00;0,00;0,00;0,00;61,00;0,00;585,00;61,00;0,00;0,00;0,00;0,00;16281,58;1461,00;7400,00;95715328,00;95715328,00;0,00;0,00;4754,34;990,00;88654,00;41615360,00;41615360,00;530,00;1891,00;2005,71;127,00;11693,00;34181120,00;34181120,00;91,00;1526,00;1627,96;10,00;8266,00;23691264,00;23691264,00;7,00;1458,00;581,43;1,00;2839,00;3158016,00;3158016,00;1,00;693,00;97,69;0,00;477,00;0,00;0,00;0,00;0,00;LFP-Replace-Stay-1-NonBlocking-m4096-f400-d4-s0
LFP,Replace,Stay,1,NonBlocking;0,10;10,00;0,03;6000,00;0,01;0,00;16384,00;100,00;3,00;5,00;50000000,00;400;false;0,20;4,00;8,00;5,00;0,00;false;0;Success;88179,74;91,61;0,00;2380,00;545587200,00;545587200,00;22,20;23,93;20,14;0,00;0,00;0,00;0,00;1,00;1,00;0,00;0,00;0,00;0,00;7900,81;97,00;10240,00;365,00;429,00;67125248,00;67125248,00;33,00;1181,00;17519,62;599,00;66975,00;2560,00;3020,00;116129792,00;116129792,00;139,00;1199,00;62759,30;980,00;7391,00;4096,00;4096,00;362332160,00;362332160,00;0,00;0,00;0,00;61,00;0,00;585,00;61,00;0,00;0,00;0,00;0,00;62759,30;980,00;7391,00;362332160,00;362332160,00;0,00;0,00;17519,62;599,00;66975,00;116129792,00;116129792,00;139,00;1199,00;5684,88;91,00;7504,00;59604992,00;59604992,00;30,00;785,00;2075,85;5,00;2565,00;7520256,00;7520256,00;2,00;396,00;140,08;1,00;171,00;0,00;0,00;1,00;0,00;0,00;0,00;0,00;0,00;0,00;0,00;0,00;LFP-Replace-Stay-1-NonBlocking-m16384-f400-d4-s0
LFP,Replace,Stay,1,NonBlocking;0,10;10,00;0,03;6000,00;0,01;0,00;1024,00;100,00;3,00;5,00;50000000,00;400;false;0,20;4,00;8,00;5,00;0,00;false;0;Success;4918,40;8,90;98,88;968,00;25933824,00;25933824,00;2,43;2,81;1,92;0,00;4,51;0,00;88,00;1,00;1,00;0,00;0,00;0,00;0,00;216,88;7,00;4236,00;365,00;371,00;1567744,00;1567744,00;0,00;371,00;1060,00;50,00;41769,00;2560,00;2604,00;3133440,00;3133440,00;0,00;597,00;3637,02;115,00;4437,00;4096,00;4096,00;21232640,00;21232640,00;0,00;0,00;0,00;9,00;0,00;585,00;535,00;0,00;0,00;0,00;0,00;3637,02;115,00;4437,00;21232640,00;21232640,00;0,00;0,00;1060,00;50,00;41769,00;3133440,00;3133440,00;0,00;597,00;155,80;7,00;3043,00;773120,00;773120,00;0,00;147,00;38,66;0,00;755,00;452608,00;452608,00;0,00;97,00;22,43;0,00;438,00;342016,00;342016,00;0,00;127,00;4,51;0,00;88,00;0,00;0,00;0,00;0,00;LFP-Replace-Stay-1-NonBlocking-m1024-f400-d4-s0
LFP,Drop,Stop,1,FullSync;0,10;10,00;0,03;6000,00;0,01;0,00;1024,00;100,00;3,00;5,00;50000000,00;400;false;0,20;5,00;8,00;5,00;0,00;false;0;Success;38061,33;4,82;92,49;4616,00;191011840,00;191011840,00;1,21;1,17;1,26;120,00;0,26;0,00;5,00;1,00;1,00;0,00;0,00;0,00;0,00;1190,25;31,00;82490,00;2925,00;2939,00;2947072,00;2947072,00;14,00;576,00;8318,36;265,00;327155,00;20480,00;20591,00;20932608,00;20932608,00;139,00;4040,00;28552,47;383,00;32763,00;32768,00;32768,00;167132160,00;167132160,00;0,00;0,00;0,00;65,00;0,00;4681,00;4556,00;0,00;0,00;0,00;0,00;28552,47;383,00;32763,00;167132160,00;167132160,00;0,00;0,00;8318,36;265,00;327155,00;20932608,00;20932608,00;139,00;4040,00;1043,97;27,00;72309,00;2583552,00;2583552,00;11,00;505,00;128,36;4,00;8899,00;317440,00;317440,00;3,00;62,00;15,87;0,00;1142,00;40960,00;40960,00;0,00;8,00;2,05;0,00;140,00;5120,00;5120,00;0,00;1,00;LFP-Drop-Stop-1-FullSync-m1024-f400-d5-s0
LFP,Drop,Stop,1,FullSync;0,10;10,00;0,03;6000,00;0,01;0,00;1024,00;100,00;3,00;5,00;50000000,00;400;false;0,20;4,00;8,00;5,00;0,00;false;0;Success;4759,56;4,25;95,28;582,00;23886848,00;23886848,00;1,08;1,27;0,82;10,00;0,26;0,00;5,00;1,00;1,00;0,00;0,00;0,00;0,00;149,30;3,00;10252,00;365,00;367,00;363520,00;363520,00;3,00;71,00;1041,36;21,00;41012,00;2560,00;2568,00;2638848,00;2638848,00;12,00;511,00;3568,64;52,00;4096,00;4096,00;4096,00;20884480,00;20884480,00;0,00;0,00;0,00;5,00;0,00;585,00;575,00;0,00;0,00;0,00;0,00;3568,64;52,00;4096,00;20884480,00;20884480,00;0,00;0,00;1041,36;21,00;41012,00;2638848,00;2638848,00;12,00;511,00;131,38;3,00;8970,00;317440,00;317440,00;3,00;62,00;15,87;0,00;1142,00;40960,00;40960,00;0,00;8,00;2,05;0,00;140,00;5120,00;5120,00;0,00;1,00;0,26;0,00;5,00;0,00;0,00;0,00;0,00;LFP-Drop-Stop-1-FullSync-m1024-f400-d4-s0
LFP,Drop,Stop,1,FullSync;0,10;10,00;0,03;6000,00;0,01;0,00;1024,00;100,00;3,00;5,00;50000000,00;400;false;0,20;3,00;8,00;5,00;0,00;false;0;Success;595,30;3,63;98,43;72,00;2979840,00;2979840,00;1,37;1,37;1,36;1,00;0,26;0,00;5,00;1,00;1,00;0,00;0,00;0,00;0,00;18,69;0,00;1317,00;45,00;45,00;46080,00;46080,00;0,00;9,00;129,64;5,00;5136,00;320,00;321,00;332800,00;332800,00;3,00;63,00;446,72;7,00;512,00;512,00;512,00;2600960,00;2600960,00;0,00;0,00;0,00;1,00;0,00;73,00;72,00;0,00;0,00;0,00;0,00;446,72;7,00;512,00;2600960,00;2600960,00;0,00;0,00;129,64;5,00;5136,00;332800,00;332800,00;3,00;63,00;16,64;0,00;1177,00;40960,00;40960,00;0,00;8,00;2,05;0,00;140,00;5120,00;5120,00;0,00;1,00;0,26;0,00;5,00;0,00;0,00;0,00;0,00;0,00;0,00;0,00;0,00;0,00;0,00;0,00;LFP-Drop-Stop-1-FullSync-m1024-f400-d3-s0
LFP,Drop,Stop,1,FullSync;0,10;10,00;0,03;6000,00;0,01;0,00;1024,00;100,00;3,00;5,00;50000000,00;0;false;0,20;4,00;8,00;5,00;0,00;false;0;Success;4772,10;4,32;100,00;585,00;23966720,00;23966720,00;0,00;0,00;0,00;0,00;0,26;0,00;5,00;1,00;1,00;0,00;0,00;0,00;0,00;149,50;0,00;10220,00;365,00;365,00;373760,00;373760,00;0,00;73,00;1048,58;0,00;40960,00;2560,00;2560,00;2621440,00;2621440,00;0,00;512,00;3573,76;0,00;4096,00;4096,00;4096,00;20971520,00;20971520,00;0,00;0,00;0,00;0,00;0,00;585,00;585,00;0,00;0,00;0,00;0,00;3573,76;0,00;4096,00;20971520,00;20971520,00;0,00;0,00;1048,58;0,00;40960,00;2621440,00;2621440,00;0,00;512,00;131,07;0,00;8960,00;327680,00;327680,00;0,00;64,00;16,38;0,00;1120,00;40960,00;40960,00;0,00;8,00;2,05;0,00;140,00;5120,00;5120,00;0,00;1,00;0,26;0,00;5,00;0,00;0,00;0,00;0,00;LFP-Drop-Stop-1-FullSync-m1024-f0-d4-s0
LFP,Drop,Stop,1,FullSync;0,10;10,00;0,03;6000,00;0,01;0,00;1024,00;100,00;3,00;5,00;50000000,00;6400;false;0,20;4,00;8,00;5,00;0,00;false;0;Success;4772,10;4,32;100,00;585,00;23966720,00;23966720,00;0,03;0,02;0,03;0,00;0,26;0,00;5,00;1,00;1,00;0,00;0,00;0,00;0,00;149,50;0,00;10220,00;365,00;365,00;373760,00;373760,00;0,00;73,00;1048,58;1,00;40960,00;2560,00;2560,00;2621440,00;2621440,00;0,00;512,00;3573,76;1,00;4096,00;4096,00;4096,00;20971520,00;20971520,00;0,00;0,00;0,00;1,00;0,00;585,00;585,00;0,00;0,00;0,00;0,00;3573,76;1,00;4096,00;20971520,00;20971520,00;0,00;0,00;1048,58;1,00;40960,00;2621440,00;2621440,00;0,00;512,00;131,07;0,00;8960,00;327680,00;327680,00;0,00;64,00;16,38;0,00;1120,00;40960,00;40960,00;0,00;8,00;2,05;0,00;140,00;5120,00;5120,00;0,00;1,00;0,26;0,00;5,00;0,00;0,00;0,00;0,00;LFP-Drop-Stop-1-FullSync-m1024-f6400-d4-s0
LFP,Drop,Stop,1,FullSync;0,10;10,00;0,03;6000,00;0,01;0,00;1024,00;100,00;3,00;5,00;50000000,00;400;false;0,20;4,00;8,00;5,00;0,00;false;0;Success;4759,56;4,25;95,28;582,00;23886848,00;23886848,00;1,08;1,27;0,82;10,00;0,26;0,00;5,00;1,00;1,00;0,00;0,00;0,00;0,00;149,30;3,00;10252,00;365,00;367,00;363520,00;363520,00;3,00;71,00;1041,36;21,00;41012,00;2560,00;2568,00;2638848,00;2638848,00;12,00;511,00;3568,64;52,00;4096,00;4096,00;4096,00;20884480,00;20884480,00;0,00;0,00;0,00;5,00;0,00;585,00;575,00;0,00;0,00;0,00;0,00;3568,64;52,00;4096,00;20884480,00;20884480,00;0,00;0,00;1041,36;21,00;41012,00;2638848,00;2638848,00;12,00;511,00;131,38;3,00;8970,00;317440,00;317440,00;3,00;62,00;15,87;0,00;1142,00;40960,00;40960,00;0,00;8,00;2,05;0,00;140,00;5120,00;5120,00;0,00;1,00;0,26;0,00;5,00;0,00;0,00;0,00;0,00;LFP-Drop-Stop-1-FullSync-m1024-f400-d4-s0
LFP,Drop,Stop,1,FullSync;0,10;10,00;0,03;6000,00;0,01;0,00;1024,00;100,00;3,00;5,00;50000000,00;333,333;false;0,20;4,00;8,00;5,00;0,00;false;0;Success;4756,20;4,22;93,26;577,00;23853056,00;23853056,00;1,28;1,46;1,02;14,00;0,26;0,00;5,00;1,00;1,00;0,00;0,00;0,00;0,00;148,79;4,00;10178,00;365,00;368,00;358400,00;358400,00;3,00;70,00;1039,36;26,00;41020,00;2560,00;2571,00;2640896,00;2640896,00;14,00;507,00;3567,79;60,00;4096,00;4096,00;4096,00;20853760,00;20853760,00;0,00;0,00;0,00;7,00;0,00;585,00;571,00;0,00;0,00;0,00;0,00;3567,79;60,00;4096,00;20853760,00;20853760,00;0,00;0,00;1039,36;26,00;41020,00;2640896,00;2640896,00;14,00;507,00;131,12;4,00;8921,00;312320,00;312320,00;3,00;61,00;15,62;0,00;1117,00;40960,00;40960,00;0,00;8,00;2,05;0,00;140,00;5120,00;5120,00;0,00;1,00;0,26;0,00;5,00;0,00;0,00;0,00;0,00;LFP-Drop-Stop-1-FullSync-m1024-f333.333-d4-s0
LFP,Drop,Stop,1,FullSync;0,10;10,00;0,03;6000,00;0,01;0,00;1024,00;100,00;3,00;5,00;50000000,00;285,714;false;0,20;4,00;8,00;5,00;0,00;false;0;Success;4751,20;4,21;92,69;577,00;23844864,00;23844864,00;1,53;1,78;1,19;15,00;0,26;0,00;5,00;1,00;1,00;0,00;0,00;0,00;0,00;148,58;4,00;10170,00;365,00;368,00;358400,00;358400,00;3,00;70,00;1037,98;31,00;41024,00;2560,00;2572,00;2642944,00;2642944,00;15,00;507,00;3564,38;73,00;4096,00;4096,00;4096,00;20843520,00;20843520,00;0,00;0,00;0,00;9,00;0,00;585,00;570,00;0,00;0,00;0,00;0,00;3564,38;73,00;4096,00;20843520,00;20843520,00;0,00;0,00;1037,98;31,00;41024,00;2642944,00;2642944,00;15,00;507,00;130,92;4,00;8913,00;312320,00;312320,00;3,00;61,00;15,62;0,00;1117,00;40960,00;40960,00;0,00;8,00;2,05;0,00;140,00;5120,00;5120,00;0,00;1,00;0,26;0,00;5,00;0,00;0,00;0,00;0,00;LFP-Drop-Stop-1-FullSync-m1024-f285.714-d4-s0
LFP,Drop,Stop,1,FullSync;0,10;10,00;0,03;6000,00;0,01;0,00;1024,00;100,00;3,00;5,00;50000000,00;250;false;0,20;4,00;8,00;5,00;0,00;false;0;Success;4748,81;4,22;92,49;576,00;23829504,00;23829504,00;1,89;2,20;1,46;17,00;0,26;0,00;5,00;1,00;1,00;0,00;0,00;0,00;0,00;149,56;5,00;10289,00;365,00;368,00;358400,00;358400,00;3,00;70,00;1035,47;38,00;41080,00;2560,00;2574,00;2663424,00;2663424,00;20,00;506,00;3563,53;90,00;4096,00;4096,00;4096,00;20807680,00;20807680,00;0,00;0,00;0,00;9,00;0,00;585,00;568,00;0,00;0,00;0,00;0,00;3563,53;90,00;4096,00;20807680,00;20807680,00;0,00;0,00;1035,47;38,00;41080,00;2663424,00;2663424,00;20,00;506,00;131,89;5,00;9032,00;312320,00;312320,00;3,00;61,00;15,62;0,00;1117,00;40960,00;40960,00;0,00;8,00;2,05;0,00;140,00;5120,00;5120,00;0,00;1,00;0,26;0,00;5,00;0,00;0,00;0,00;0,00;LFP-Drop-Stop-1-FullSync-m1024-f250-d4-s0
LFP,Drop,Stop,1,FullSync;0,10;10,00;0,03;6000,00;0,01;0,00;1024,00;100,00;3,00;5,00;50000000,00;222,222;false;0,20;4,00;8,00;5,00;0,00;false;0;Success;4745,62;4,22;91,88;576,00;23819264,00;23819264,00;2,07;2,42;1,60;18,00;0,26;0,00;5,00;1,00;1,00;0,00;0,00;0,00;0,00;148,63;5,00;10351,00;365,00;368,00;358400,00;358400,00;4,00;70,00;1034,91;42,00;41092,00;2560,00;2575,00;2653184,00;2653184,00;24,00;506,00;3561,82;99,00;4096,00;4096,00;4096,00;20807680,00;20807680,00;0,00;0,00;0,00;9,00;0,00;585,00;567,00;0,00;0,00;0,00;0,00;3561,82;99,00;4096,00;20807680,00;20807680,00;0,00;0,00;1034,91;42,00;41092,00;2653184,00;2653184,00;24,00;506,00;130,97;5,00;9070,00;312320,00;312320,00;4,00;61,00;15,62;0,00;1141,00;40960,00;40960,00;0,00;8,00;2,05;0,00;140,00;5120,00;5120,00;0,00;1,00;0,26;0,00;5,00;0,00;0,00;0,00;0,00;LFP-Drop-Stop-1-FullSync-m1024-f222.222-d4-s0
LFP,Drop,Stop,1,FullSync;0,10;10,00;0,03;6000,00;0,01;0,00;1024,00;100,00;3,00;5,00;50000000,00;200;false;0,20;4,00;8,00;5,00;0,00;false;0;Success;4742,26;4,22;90,16;573,00;23777280,00;23777280,00;2,28;2,59;1,86;24,00;0,26;0,00;5,00;1,00;1,00;0,00;0,00;0,00;0,00;147,51;7,00;10309,00;365,00;369,00;353280,00;353280,00;5,00;69,00;1033,52;48,00;41006,00;2560,00;2580,00;2636800,00;2636800,00;27,00;504,00;3560,97;106,00;4096,00;4096,00;4096,00;20787200,00;20787200,00;0,00;0,00;0,00;9,00;0,00;585,00;561,00;0,00;0,00;0,00;0,00;3560,97;106,00;4096,00;20787200,00;20787200,00;0,00;0,00;1033,52;48,00;41006,00;2636800,00;2636800,00;27,00;504,00;130,10;7,00;9029,00;307200,00;307200,00;5,00;60,00;15,36;0,00;1140,00;40960,00;40960,00;0,00;8,00;2,05;0,00;140,00;5120,00;5120,00;0,00;1,00;0,26;0,00;5,00;0,00;0,00;0,00;0,00;LFP-Drop-Stop-1-FullSync-m1024-f200-d4-s0
LFP,Drop,Stop,1,FullSync;0,10;10,00;0,03;6000,00;0,01;0,00;1024,00;100,00;3,00;5,00;50000000,00;166,666;false;0,20;4,00;8,00;5,00;0,00;false;0;Success;4738,54;4,26;90,84;572,00;23749632,00;23749632,00;2,65;3,08;2,06;27,00;0,26;0,00;5,00;1,00;1,00;0,00;0,00;0,00;0,00;149,15;9,00;10392,00;365,00;370,00;362496,00;362496,00;3,00;71,00;1029,02;52,00;41033,00;2560,00;2584,00;2651136,00;2651136,00;33,00;501,00;3560,12;126,00;4096,00;4096,00;4096,00;20736000,00;20736000,00;0,00;0,00;0,00;11,00;0,00;585,00;556,00;0,00;0,00;0,00;0,00;3560,12;126,00;4096,00;20736000,00;20736000,00;0,00;0,00;1029,02;52,00;41033,00;2651136,00;2651136,00;33,00;501,00;131,28;9,00;9131,00;316416,00;316416,00;3,00;62,00;15,82;0,00;1121,00;40960,00;40960,00;0,00;8,00;2,05;0,00;140,00;5120,00;5120,00;0,00;1,00;0,26;0,00;5,00;0,00;0,00;0,00;0,00;LFP-Drop-Stop-1-FullSync-m1024-f166.666-d4-s0
LFP,Drop,Stop,1,FullSync;0,10;10,00;0,03;6000,00;0,01;0,00;1024,00;100,00;3,00;5,00;50000000,00;125;false;0,20;4,00;8,00;5,00;0,00;false;0;Success;4724,16;4,19;87,67;570,00;23704576,00;23704576,00;3,45;3,98;2,73;38,00;0,26;0,00;5,00;1,00;1,00;0,00;0,00;0,00;0,00;148,33;11,00;10431,00;365,00;372,00;357376,00;357376,00;6,00;70,00;1023,13;70,00;41169,00;2560,00;2594,00;2662400,00;2662400,00;45,00;500,00;3552,45;163,00;4096,00;4096,00;4096,00;20684800,00;20684800,00;0,00;0,00;0,00;13,00;0,00;585,00;544,00;0,00;0,00;0,00;0,00;3552,45;163,00;4096,00;20684800,00;20684800,00;0,00;0,00;1023,13;70,00;41169,00;2662400,00;2662400,00;45,00;500,00;130,71;11,00;9123,00;311296,00;311296,00;6,00;61,00;15,56;0,00;1168,00;40960,00;40960,00;0,00;8,00;2,05;0,00;140,00;5120,00;5120,00;0,00;1,00;0,26;0,00;5,00;0,00;0,00;0,00;0,00;LFP-Drop-Stop-1-FullSync-m1024-f125-d4-s0
LFP,Drop,Stop,1,FullSync;0,10;10,00;0,03;6000,00;0,01;0,00;1024,00;100,00;3,00;5,00;50000000,00;100;false;0,20;4,00;8,00;5,00;0,00;false;0;Success;4709,57;4,22;83,59;566,00;23641088,00;23641088,00;4,27;4,86;3,46;50,00;0,26;0,00;5,00;1,00;1,00;0,00;0,00;0,00;0,00;147,87;12,00;10348,00;365,00;374,00;347136,00;347136,00;8,00;68,00;1014,99;91,00;41260,00;2560,00;2604,00;2696192,00;2696192,00;55,00;498,00;3546,46;199,00;4095,00;4096,00;4096,00;20597760,00;20597760,00;0,00;0,00;0,00;24,00;0,00;585,00;532,00;0,00;0,00;0,00;0,00;3546,46;199,00;4095,00;20597760,00;20597760,00;0,00;0,00;1014,99;91,00;41260,00;2696192,00;2696192,00;55,00;498,00;130,76;12,00;9042,00;301056,00;301056,00;8,00;59,00;15,05;0,00;1166,00;40960,00;40960,00;0,00;8,00;2,05;0,00;140,00;5120,00;5120,00;0,00;1,00;0,26;0,00;5,00;0,00;0,00;0,00;0,00;LFP-Drop-Stop-1-FullSync-m1024-f100-d4-s0
LFP,Drop,Stop,1,FullSync;0,10;10,00;0,03;6000,00;0,01;0,00;1024,00;100,00;3,00;5,00;50000000,00;83,333;false;0,20;4,00;8,00;5,00;0,00;false;0;Success;4702,25;4,16;82,76;562,00;23541760,00;23541760,00;5,08;5,74;4,18;58,00;0,26;0,00;5,00;1,00;1,00;0,00;0,00;0,00;0,00;149,96;15,00;10582,00;365,00;375,00;347136,00;347136,00;8,00;68,00;1006,44;110,00;41215,00;2560,00;2612,00;2709504,00;2709504,00;70,00;494,00;3545,59;235,00;4094,00;4096,00;4096,00;20485120,00;20485120,00;0,00;0,00;0,00;31,00;0,00;585,00;523,00;0,00;0,00;0,00;0,00;3545,59;235,00;4094,00;20485120,00;20485120,00;0,00;0,00;1006,44;110,00;41215,00;2709504,00;2709504,00;70,00;494,00;132,86;15,00;9296,00;301056,00;301056,00;8,00;59,00;15,05;0,00;1146,00;40960,00;40960,00;0,00;8,00;2,05;0,00;140,00;5120,00;5120,00;0,00;1,00;0,26;0,00;5,00;0,00;0,00;0,00;0,00;LFP-Drop-Stop-1-FullSync-m1024-f83.333-d4-s0
LFP,Drop,Stop,1,FullSync;0,10;10,00;0,03;6000,00;0,01;0,00;256,00;100,00;3,00;5,00;50000000,00;400;false;0,20;4,00;8,00;5,00;0,00;false;0;Success;1251,32;1,85;99,10;581,00;5986304,00;5986304,00;0,44;0,59;0,24;4,00;0,06;0,00;5,00;1,00;1,00;0,00;0,00;0,00;0,00;37,30;0,00;10234,00;365,00;365,00;93440,00;93440,00;0,00;73,00;261,63;7,00;40942,00;2560,00;2564,00;653824,00;653824,00;5,00;508,00;952,32;24,00;4096,00;4096,00;4096,00;5239040,00;5239040,00;0,00;0,00;0,00;1,00;0,00;585,00;581,00;0,00;0,00;0,00;0,00;952,32;24,00;4096,00;5239040,00;5239040,00;0,00;0,00;261,63;7,00;40942,00;653824,00;653824,00;5,00;508,00;32,69;0,00;8974,00;81920,00;81920,00;0,00;64,00;4,10;0,00;1120,00;10240,00;10240,00;0,00;8,00;0,51;0,00;140,00;1280,00;1280,00;0,00;1,00;0,06;0,00;5,00;0,00;0,00;0,00;0,00;LFP-Drop-Stop-1-FullSync-m256-f400-d4-s0
LFP,Drop,Stop,1,FullSync;0,10;10,00;0,03;6000,00;0,01;0,00;1024,00;100,00;3,00;5,00;50000000,00;400;false;0,20;4,00;8,00;5,00;0,00;false;0;Success;4759,56;4,25;95,28;582,00;23886848,00;23886848,00;1,08;1,27;0,82;10,00;0,26;0,00;5,00;1,00;1,00;0,00;0,00;0,00;0,00;149,30;3,00;10252,00;365,00;367,00;363520,00;363520,00;3,00;71,00;1041,36;21,00;41012,00;2560,00;2568,00;2638848,00;2638848,00;12,00;511,00;3568,64;52,00;4096,00;4096,00;4096,00;20884480,00;20884480,00;0,00;0,00;0,00;5,00;0,00;585,00;575,00;0,00;0,00;0,00;0,00;3568,64;52,00;4096,00;20884480,00;20884480,00;0,00;0,00;1041,36;21,00;41012,00;2638848,00;2638848,00;12,00;511,00;131,38;3,00;8970,00;317440,00;317440,00;3,00;62,00;15,87;0,00;1142,00;40960,00;40960,00;0,00;8,00;2,05;0,00;140,00;5120,00;5120,00;0,00;1,00;0,26;0,00;5,00;0,00;0,00;0,00;0,00;LFP-Drop-Stop-1-FullSync-m1024-f400-d4-s0
LFP,Drop,Stop,1,FullSync;0,10;10,00;0,03;6000,00;0,01;0,00;4096,00;100,00;3,00;5,00;50000000,00;400;false;0,20;4,00;8,00;5,00;0,00;false;0;BadResult;18656,62;15,50;0,00;581,00;94695424,00;94695424,00;3,94;4,47;3,22;40,00;1,02;0,00;5,00;1,00;1,00;0,00;0,00;0,00;0,00;606,21;12,00;10573,00;365,00;373,00;1429504,00;1429504,00;6,00;73,00;4078,59;84,00;41569,00;2560,00;2603,00;10813440,00;10813440,00;46,00;508,00;13970,80;183,00;4096,00;4096,00;4096,00;82452480,00;82452480,00;0,00;0,00;0,00;19,00;0,00;585,00;534,00;0,00;0,00;0,00;0,00;13970,80;183,00;4096,00;82452480,00;82452480,00;0,00;0,00;4078,59;84,00;41569,00;10813440,00;10813440,00;46,00;508,00;535,76;12,00;9285,00;1245184,00;1245184,00;6,00;62,00;62,26;0,00;1148,00;163840,00;163840,00;0,00;9,00;8,19;0,00;140,00;20480,00;20480,00;0,00;2,00;1,02;0,00;5,00;0,00;0,00;0,00;0,00;LFP-Drop-Stop-1-FullSync-m4096-f400-d4-s0
LFP,Drop,Stop,1,FullSync;0,10;10,00;0,03;6000,00;0,01;0,00;16384,00;100,00;3,00;5,00;50000000,00;400;false;0,20;4,00;8,00;5,00;0,00;false;0;BadResult;72076,44;58,51;0,00;578,00;363069440,00;363069440,00;14,39;15,16;13,39;153,00;4,10;0,00;5,00;1,00;1,00;0,00;0,00;0,00;0,00;2358,48;50,00;12117,00;365,00;398,00;4980736,00;4980736,00;24,00;70,00;15117,52;370,00;42470,00;2560,00;2738,00;43843584,00;43843584,00;212,00;508,00;54596,35;621,00;4096,00;4096,00;4096,00;314245120,00;314245120,00;0,00;0,00;0,00;65,00;0,00;585,00;374,00;0,00;0,00;0,00;0,00;54596,35;621,00;4096,00;314245120,00;314245120,00;0,00;0,00;15117,52;370,00;42470,00;43843584,00;43843584,00;212,00;508,00;2114,36;48,00;10692,00;4325376,00;4325376,00;23,00;56,00;215,45;2,00;1286,00;573440,00;573440,00;1,00;10,00;28,67;0,00;139,00;81920,00;81920,00;0,00;4,00;4,10;0,00;5,00;0,00;0,00;0,00;0,00;LFP-Drop-Stop-1-FullSync-m16384-f400-d4-s0
LFP,Drop,Stop,1,FullSync;0,10;10,00;0,03;6000,00;0,01;0,00;1024,00;100,00;3,00;5,00;50000000,00;400;false;0,20;4,00;8,00;5,00;0,00;false;0;Success;4759,56;4,25;95,28;582,00;23886848,00;23886848,00;1,08;1,27;0,82;10,00;0,26;0,00;5,00;1,00;1,00;0,00;0,00;0,00;0,00;149,30;3,00;10252,00;365,00;367,00;363520,00;363520,00;3,00;71,00;1041,36;21,00;41012,00;2560,00;2568,00;2638848,00;2638848,00;12,00;511,00;3568,64;52,00;4096,00;4096,00;4096,00;20884480,00;20884480,00;0,00;0,00;0,00;5,00;0,00;585,00;575,00;0,00;0,00;0,00;0,00;3568,64;52,00;4096,00;20884480,00;20884480,00;0,00;0,00;1041,36;21,00;41012,00;2638848,00;2638848,00;12,00;511,00;131,38;3,00;8970,00;317440,00;317440,00;3,00;62,00;15,87;0,00;1142,00;40960,00;40960,00;0,00;8,00;2,05;0,00;140,00;5120,00;5120,00;0,00;1,00;0,26;0,00;5,00;0,00;0,00;0,00;0,00;LFP-Drop-Stop-1-FullSync-m1024-f400-d4-s0
LFP,Replace,0Resync,1,NonBlocking;0,10;10,00;0,03;6000,00;0,01;0,00;1024,00;100,00;3,00;5,00;50000000,00;400;false;0,20;5,00;8,00;5,00;0,00;false;0;Success;38135,57;7,47;96,45;4979,00;192318464,00;192318464,00;1,87;1,78;1,99;106,00;0,82;0,00;16,00;1,00;1,00;0,00;0,00;0,00;0,00;1256,06;46,00;25080,00;2925,00;2967,00;3985408,00;3985408,00;0,00;865,00;8326,22;422,00;306194,00;20480,00;20586,00;21200896,00;21200896,00;133,00;4114,00;28552,47;583,00;32763,00;32768,00;32768,00;167132160,00;167132160,00;0,00;0,00;0,00;98,00;0,00;4681,00;4533,00;0,00;0,00;0,00;0,00;28552,47;583,00;32763,00;167132160,00;167132160,00;0,00;0,00;8326,22;422,00;306194,00;21200896,00;21200896,00;133,00;4114,00;1058,58;41,00;21223,00;3049472,00;3049472,00;0,00;591,00;151,60;5,00;2961,00;657408,00;657408,00;0,00;140,00;32,87;0,00;642,00;260096,00;260096,00;0,00;129,00;13,00;0,00;254,00;18432,00;18432,00;0,00;5,00;LFP-Replace-0Resync1-1-NonBlocking-m1024-f400-d5-s0
LFP,Replace,0Resync,1,NonBlocking;0,10;10,00;0,03;6000,00;0,01;0,00;1024,00;100,00;3,00;5,00;50000000,00;400;false;0,20;4,00;8,00;5,00;0,00;false;0;Success;4769,80;5,88;97,27;635,00;24075264,00;24075264,00;1,54;1,78;1,19;7,00;1,69;0,00;33,00;1,00;1,00;0,00;0,00;0,00;0,00;157,39;4,00;3118,00;365,00;369,00;518144,00;518144,00;0,00;116,00;1042,08;31,00;38576,00;2560,00;2567,00;2672640,00;2672640,00;11,00;519,00;3568,64;73,00;4096,00;4096,00;4096,00;20884480,00;20884480,00;0,00;0,00;0,00;9,00;0,00;585,00;574,00;0,00;0,00;0,00;0,00;3568,64;73,00;4096,00;20884480,00;20884480,00;0,00;0,00;1042,08;31,00;38576,00;2672640,00;2672640,00;11,00;519,00;133,17;4,00;2645,00;387072,00;387072,00;0,00;76,00;19,35;0,00;378,00;97280,00;97280,00;0,00;20,00;4,86;0,00;95,00;33792,00;33792,00;0,00;20,00;1,69;0,00;33,00;0,00;0,00;0,00;0,00;LFP-Replace-0Resync1-1-NonBlocking-m1024-f400-d4-s0
LFP,Replace,0Resync,1,NonBlocking;0,10;10,00;0,03;6000,00;0,01;0,00;1024,00;100,00;3,00;5,00;50000000,00;400;false;0,20;3,00;8,00;5,00;0,00;false;0;Success;595,51;3,53;97,66;77,00;2994176,00;2994176,00;1,37;1,37;1,36;1,00;0,26;0,00;5,00;1,00;1,00;0,00;0,00;0,00;0,00;18,89;0,00;381,00;45,00;45,00;66560,00;66560,00;0,00;13,00;129,64;5,00;4774,00;320,00;321,00;326656,00;326656,00;3,00;64,00;446,72;7,00;512,00;512,00;512,00;2600960,00;2600960,00;0,00;0,00;0,00;1,00;0,00;73,00;72,00;0,00;0,00;0,00;0,00;446,72;7,00;512,00;2600960,00;2600960,00;0,00;0,00;129,64;5,00;4774,00;326656,00;326656,00;3,00;64,00;16,33;0,00;331,00;51200,00;51200,00;0,00;10,00;2,56;0,00;50,00;15360,00;15360,00;0,00;3,00;0,26;0,00;5,00;0,00;0,00;0,00;0,00;0,00;0,00;0,00;0,00;0,00;0,00;0,00;LFP-Replace-0Resync1-1-NonBlocking-m1024-f400-d3-s0
LFP,Replace,0Resync,1,NonBlocking;0,10;10,00;0,03;6000,00;0,01;0,00;1024,00;100,00;3,00;5,00;50000000,00;0;false;0,20;4,00;8,00;5,00;0,00;false;0;Success;4772,10;4,19;100,00;585,00;23966720,00;23966720,00;0,00;0,00;0,00;0,00;0,26;0,00;5,00;1,00;1,00;0,00;0,00;0,00;0,00;149,50;0,00;2920,00;365,00;365,00;373760,00;373760,00;0,00;73,00;1048,58;0,00;38400,00;2560,00;2560,00;2621440,00;2621440,00;0,00;512,00;3573,76;0,00;4096,00;4096,00;4096,00;20971520,00;20971520,00;0,00;0,00;0,00;0,00;0,00;585,00;585,00;0,00;0,00;0,00;0,00;3573,76;0,00;4096,00;20971520,00;20971520,00;0,00;0,00;1048,58;0,00;38400,00;2621440,00;2621440,00;0,00;512,00;131,07;0,00;2560,00;327680,00;327680,00;0,00;64,00;16,38;0,00;320,00;40960,00;40960,00;0,00;8,00;2,05;0,00;40,00;5120,00;5120,00;0,00;1,00;0,26;0,00;5,00;0,00;0,00;0,00;0,00;LFP-Replace-0Resync1-1-NonBlocking-m1024-f0-d4-s0
LFP,Replace,0Resync,1,NonBlocking;0,10;10,00;0,03;6000,00;0,01;0,00;1024,00;100,00;3,00;5,00;50000000,00;6400;false;0,20;4,00;8,00;5,00;0,00;false;0;Success;4772,10;4,19;100,00;585,00;23966720,00;23966720,00;0,03;0,02;0,03;0,00;0,26;0,00;5,00;1,00;1,00;0,00;0,00;0,00;0,00;149,50;0,00;2920,00;365,00;365,00;373760,00;373760,00;0,00;73,00;1048,58;1,00;38400,00;2560,00;2560,00;2621440,00;2621440,00;0,00;512,00;3573,76;1,00;4096,00;4096,00;4096,00;20971520,00;20971520,00;0,00;0,00;0,00;1,00;0,00;585,00;585,00;0,00;0,00;0,00;0,00;3573,76;1,00;4096,00;20971520,00;20971520,00;0,00;0,00;1048,58;1,00;38400,00;2621440,00;2621440,00;0,00;512,00;131,07;0,00;2560,00;327680,00;327680,00;0,00;64,00;16,38;0,00;320,00;40960,00;40960,00;0,00;8,00;2,05;0,00;40,00;5120,00;5120,00;0,00;1,00;0,26;0,00;5,00;0,00;0,00;0,00;0,00;LFP-Replace-0Resync1-1-NonBlocking-m1024-f6400-d4-s0
LFP,Replace,0Resync,1,NonBlocking;0,10;10,00;0,03;6000,00;0,01;0,00;1024,00;100,00;3,00;5,00;50000000,00;400;false;0,20;4,00;8,00;5,00;0,00;false;0;Success;4769,80;5,88;97,27;635,00;24075264,00;24075264,00;1,54;1,78;1,19;7,00;1,69;0,00;33,00;1,00;1,00;0,00;0,00;0,00;0,00;157,39;4,00;3118,00;365,00;369,00;518144,00;518144,00;0,00;116,00;1042,08;31,00;38576,00;2560,00;2567,00;2672640,00;2672640,00;11,00;519,00;3568,64;73,00;4096,00;4096,00;4096,00;20884480,00;20884480,00;0,00;0,00;0,00;9,00;0,00;585,00;574,00;0,00;0,00;0,00;0,00;3568,64;73,00;4096,00;20884480,00;20884480,00;0,00;0,00;1042,08;31,00;38576,00;2672640,00;2672640,00;11,00;519,00;133,17;4,00;2645,00;387072,00;387072,00;0,00;76,00;19,35;0,00;378,00;97280,00;97280,00;0,00;20,00;4,86;0,00;95,00;33792,00;33792,00;0,00;20,00;1,69;0,00;33,00;0,00;0,00;0,00;0,00;LFP-Replace-0Resync1-1-NonBlocking-m1024-f400-d4-s0
LFP,Replace,0Resync,1,NonBlocking;0,10;10,00;0,03;6000,00;0,01;0,00;1024,00;100,00;3,00;5,00;50000000,00;333,333;false;0,20;4,00;8,00;5,00;0,00;false;0;Success;4764,48;5,27;96,61;621,00;23999488,00;23999488,00;1,69;1,93;1,36;11,00;1,13;0,00;22,00;1,00;1,00;0,00;0,00;0,00;0,00;155,24;5,00;3088,00;365,00;369,00;490496,00;490496,00;0,00;105,00;1040,32;35,00;38389,00;2560,00;2571,00;2655232,00;2655232,00;14,00;516,00;3567,79;79,00;4096,00;4096,00;4096,00;20853760,00;20853760,00;0,00;0,00;0,00;9,00;0,00;585,00;570,00;0,00;0,00;0,00;0,00;3567,79;79,00;4096,00;20853760,00;20853760,00;0,00;0,00;1040,32;35,00;38389,00;2655232,00;2655232,00;14,00;516,00;131,84;5,00;2631,00;379904,00;379904,00;0,00;75,00;19,00;0,00;371,00;88064,00;88064,00;0,00;19,00;4,40;0,00;86,00;22528,00;22528,00;0,00;11,00;1,13;0,00;22,00;0,00;0,00;0,00;0,00;LFP-Replace-0Resync1-1-NonBlocking-m1024-f333.333-d4-s0
LFP,Replace,0Resync,1,NonBlocking;0,10;10,00;0,03;6000,00;0,01;0,00;1024,00;100,00;3,00;5,00;50000000,00;285,714;false;0,20;4,00;8,00;5,00;0,00;false;0;Success;4762,30;5,83;96,31;645,00;24045568,00;24045568,00;2,16;2,49;1,70;12,00;1,54;0,00;30,00;1,00;1,00;0,00;0,00;0,00;0,00;157,24;6,00;3131,00;365,00;370,00;520192,00;520192,00;0,00;126,00;1039,15;44,00;38470,00;2560,00;2572,00;2681856,00;2681856,00;15,00;519,00;3564,38;102,00;4096,00;4096,00;4096,00;20843520,00;20843520,00;0,00;0,00;0,00;9,00;0,00;585,00;568,00;0,00;0,00;0,00;0,00;3564,38;102,00;4096,00;20843520,00;20843520,00;0,00;0,00;1039,15;44,00;38470,00;2681856,00;2681856,00;15,00;519,00;132,76;6,00;2653,00;395264,00;395264,00;0,00;79,00;19,76;0,00;386,00;94208,00;94208,00;0,00;24,00;4,71;0,00;92,00;30720,00;30720,00;0,00;23,00;1,54;0,00;30,00;0,00;0,00;0,00;0,00;LFP-Replace-0Resync1-1-NonBlocking-m1024-f285.714-d4-s0
LFP,Replace,0Resync,1,NonBlocking;0,10;10,00;0,03;6000,00;0,01;0,00;1024,00;100,00;3,00;5,00;50000000,00;250;false;0,20;4,00;8,00;5,00;0,00;false;0;Success;4756,23;5,53;95,53;621,00;23953408,00;23953408,00;2,43;2,81;1,90;14,00;1,59;0,00;31,00;1,00;1,00;0,00;0,00;0,00;0,00;154,47;7,00;3093,00;365,00;370,00;494592,00;494592,00;0,00;108,00;1036,64;49,00;38164,00;2560,00;2574,00;2651136,00;2651136,00;19,00;513,00;3563,53;115,00;4096,00;4096,00;4096,00;20807680,00;20807680,00;0,00;0,00;0,00;10,00;0,00;585,00;566,00;0,00;0,00;0,00;0,00;3563,53;115,00;4096,00;20807680,00;20807680,00;0,00;0,00;1036,64;49,00;38164,00;2651136,00;2651136,00;19,00;513,00;131,33;7,00;2641,00;378880,00;378880,00;0,00;75,00;18,94;0,00;370,00;83968,00;83968,00;0,00;18,00;4,20;0,00;82,00;31744,00;31744,00;0,00;15,00;1,59;0,00;31,00;0,00;0,00;0,00;0,00;LFP-Replace-0Resync1-1-NonBlocking-m1024-f250-d4-s0
LFP,Replace,0Resync,1,NonBlocking;0,10;10,00;0,03;6000,00;0,01;0,00;1024,00;100,00;3,00;5,00;50000000,00;222,222;false;0,20;4,00;8,00;5,00;0,00;false;0;Success;4763,48;6,40;94,92;658,00;24132608,00;24132608,00;3,02;3,52;2,34;15,00;1,95;0,00;38,00;1,00;1,00;0,00;0,00;0,00;0,00;162,76;10,00;3267,00;365,00;374,00;600064,00;600064,00;0,00;136,00;1036,95;59,00;38553,00;2560,00;2575,00;2724864,00;2724864,00;22,00;522,00;3561,82;144,00;4096,00;4096,00;4096,00;20807680,00;20807680,00;0,00;0,00;0,00;12,00;0,00;585,00;561,00;0,00;0,00;0,00;0,00;3561,82;144,00;4096,00;20807680,00;20807680,00;0,00;0,00;1036,95;59,00;38553,00;2724864,00;2724864,00;22,00;522,00;134,71;10,00;2719,00;436224,00;436224,00;0,00;85,00;21,81;0,00;426,00;124928,00;124928,00;0,00;28,00;6,25;0,00;122,00;38912,00;38912,00;0,00;23,00;1,95;0,00;38,00;0,00;0,00;0,00;0,00;LFP-Replace-0Resync1-1-NonBlocking-m1024-f222.222-d4-s0
LFP,Replace,0Resync,1,NonBlocking;0,10;10,00;0,03;6000,00;0,01;0,00;1024,00;100,00;3,00;5,00;50000000,00;200;false;0,20;4,00;8,00;5,00;0,00;false;0;Success;4762,79;6,29;94,04;660,00;24132608,00;24132608,00;3,28;3,78;2,57;18,00;1,74;0,00;34,00;1,00;1,00;0,00;0,00;0,00;0,00;164,30;11,00;3313,00;365,00;375,00;623616,00;623616,00;0,00;138,00;1035,77;65,00;38511,00;2560,00;2578,00;2721792,00;2721792,00;26,00;522,00;3560,97;155,00;4096,00;4096,00;4096,00;20787200,00;20787200,00;0,00;0,00;0,00;12,00;0,00;585,00;557,00;0,00;0,00;0,00;0,00;3560,97;155,00;4096,00;20787200,00;20787200,00;0,00;0,00;1035,77;65,00;38511,00;2721792,00;2721792,00;26,00;522,00;134,86;11,00;2738,00;449536,00;449536,00;0,00;88,00;22,48;0,00;439,00;139264,00;139264,00;0,00;32,00;6,96;0,00;136,00;34816,00;34816,00;0,00;18,00;1,74;0,00;34,00;0,00;0,00;0,00;0,00;LFP-Replace-0Resync1-1-NonBlocking-m1024-f200-d4-s0
LFP,Replace,0Resync,1,NonBlocking;0,10;10,00;0,03;6000,00;0,01;0,00;1024,00;100,00;3,00;5,00;50000000,00;166,666;false;0,20;4,00;8,00;5,00;0,00;false;0;Success;4754,58;5,53;92,92;642,00;24016896,00;24016896,00;3,40;3,93;2,67;24,00;1,18;0,00;23,00;1,00;1,00;0,00;0,00;0,00;0,00;162,05;11,00;3289,00;365,00;375,00;574464,00;574464,00;0,00;121,00;1031,24;68,00;38352,00;2560,00;2584,00;2706432,00;2706432,00;31,00;521,00;3560,12;161,00;4096,00;4096,00;4096,00;20736000,00;20736000,00;0,00;0,00;0,00;13,00;0,00;585,00;551,00;0,00;0,00;0,00;0,00;3560,12;161,00;4096,00;20736000,00;20736000,00;0,00;0,00;1031,24;68,00;38352,00;2706432,00;2706432,00;31,00;521,00;134,50;11,00;2751,00;437248,00;437248,00;0,00;86,00;21,86;0,00;427,00;113664,00;113664,00;0,00;26,00;5,68;0,00;111,00;23552,00;23552,00;0,00;9,00;1,18;0,00;23,00;0,00;0,00;0,00;0,00;LFP-Replace-0Resync1-1-NonBlocking-m1024-f166.666-d4-s0
LFP,Replace,0Resync,1,NonBlocking;0,10;10,00;0,03;6000,00;0,01;0,00;1024,00;100,00;3,00;5,00;50000000,00;125;false;0,20;4,00;8,00;5,00;0,00;false;0;Success;4750,64;6,19;90,14;703,00;24154112,00;24154112,00;5,05;5,69;4,17;33,00;1,33;0,00;26,00;1,00;1,00;0,00;0,00;0,00;0,00;171,21;15,00;3522,00;365,00;377,00;707584,00;707584,00;0,00;172,00;1025,65;109,00;38589,00;2560,00;2593,00;2761728,00;2761728,00;45,00;531,00;3552,45;233,00;4096,00;4096,00;4096,00;20684800,00;20684800,00;0,00;0,00;0,00;30,00;0,00;585,00;540,00;0,00;0,00;0,00;0,00;3552,45;233,00;4096,00;20684800,00;20684800,00;0,00;0,00;1025,65;109,00;38589,00;2761728,00;2761728,00;45,00;531,00;137,16;15,00;2857,00;510976,00;510976,00;0,00;101,00;25,55;0,00;499,00;169984,00;169984,00;0,00;49,00;8,50;0,00;166,00;26624,00;26624,00;0,00;22,00;1,33;0,00;26,00;0,00;0,00;0,00;0,00;LFP-Replace-0Resync1-1-NonBlocking-m1024-f125-d4-s0
LFP,Replace,0Resync,1,NonBlocking;0,10;10,00;0,03;6000,00;0,01;0,00;1024,00;100,00;3,00;5,00;50000000,00;100;false;0,20;4,00;8,00;5,00;0,00;false;0;Success;5091,36;70,04;15,67;2283,00;31133696,00;31133696,00;69,27;70,85;67,30;64,00;60,26;0,00;1177,00;1,00;1,00;0,00;0,00;0,00;0,00;438,18;427,00;11675,00;365,00;681,00;6656000,00;6656000,00;381,00;1730,00;1046,46;1801,00;40407,00;2560,00;2624,00;3879936,00;3879936,00;425,00;577,00;3546,46;2902,00;4095,00;4096,00;4096,00;20597760,00;20597760,00;0,00;0,00;0,00;205,00;0,00;585,00;205,00;0,00;0,00;0,00;0,00;3546,46;2902,00;4095,00;20597760,00;20597760,00;0,00;0,00;1046,46;1801,00;40407,00;3879936,00;3879936,00;425,00;577,00;198,88;375,00;5645,00;2430976,00;2430976,00;255,00;417,00;121,19;45,00;3316,00;2467840,00;2467840,00;124,00;440,00;118,12;7,00;2714,00;1757184,00;1757184,00;2,00;881,00;60,26;0,00;1177,00;0,00;0,00;0,00;0,00;LFP-Replace-0Resync1-1-NonBlocking-m1024-f100-d4-s0
LFP,Replace,0Resync,1,NonBlocking;0,10;10,00;0,03;6000,00;0,01;0,00;1024,00;100,00;3,00;5,00;50000000,00;83,333;false;0,20;4,00;8,00;5,00;0,00;false;0;Success;4732,61;6,29;86,08;708,00;24097792,00;24097792,00;7,64;8,33;6,71;52,00;1,48;0,00;29,00;1,00;1,00;0,00;0,00;0,00;0,00;176,16;22,00;3694,00;365,00;383,00;805888,00;805888,00;0,00;171,00;1009,38;179,00;38551,00;2560,00;2612,00;2806784,00;2806784,00;65,00;537,00;3545,59;341,00;4094,00;4096,00;4096,00;20485120,00;20485120,00;0,00;0,00;0,00;38,00;0,00;585,00;515,00;0,00;0,00;0,00;0,00;3545,59;341,00;4094,00;20485120,00;20485120,00;0,00;0,00;1009,38;179,00;38551,00;2806784,00;2806784,00;65,00;537,00;137,46;21,00;2938,00;583680,00;583680,00;0,00;111,00;29,18;1,00;570,00;190464,00;190464,00;0,00;45,00;9,52;0,00;186,00;31744,00;31744,00;0,00;15,00;1,48;0,00;29,00;0,00;0,00;0,00;0,00;LFP-Replace-0Resync1-1-NonBlocking-m1024-f83.333-d4-s0
LFP,Replace,0Resync,1,NonBlocking;0,10;10,00;0,03;6000,00;0,01;0,00;256,00;100,00;3,00;5,00;50000000,00;400;false;0,20;4,00;8,00;5,00;0,00;false;0;Success;1252,70;1,80;98,88;611,00;6013952,00;6013952,00;0,43;0,56;0,24;4,00;0,35;0,00;27,00;1,00;1,00;0,00;0,00;0,00;0,00;38,40;0,00;3020,00;365,00;365,00;116992,00;116992,00;0,00;96,00;261,63;7,00;38420,00;2560,00;2564,00;657920,00;657920,00;5,00;515,00;952,32;23,00;4096,00;4096,00;4096,00;5239040,00;5239040,00;0,00;0,00;0,00;1,00;0,00;585,00;581,00;0,00;0,00;0,00;0,00;952,32;23,00;4096,00;5239040,00;5239040,00;0,00;0,00;261,63;7,00;38420,00;657920,00;657920,00;5,00;515,00;32,90;0,00;2590,00;90880,00;90880,00;0,00;72,00;4,54;0,00;355,00;19200,00;19200,00;0,00;16,00;0,96;0,00;75,00;6912,00;6912,00;0,00;8,00;0,35;0,00;27,00;0,00;0,00;0,00;0,00;LFP-Replace-0Resync1-1-NonBlocking-m256-f400-d4-s0
LFP,Replace,0Resync,1,NonBlocking;0,10;10,00;0,03;6000,00;0,01;0,00;1024,00;100,00;3,00;5,00;50000000,00;400;false;0,20;4,00;8,00;5,00;0,00;false;0;Success;4769,80;5,88;97,27;635,00;24075264,00;24075264,00;1,54;1,78;1,19;7,00;1,69;0,00;33,00;1,00;1,00;0,00;0,00;0,00;0,00;157,39;4,00;3118,00;365,00;369,00;518144,00;518144,00;0,00;116,00;1042,08;31,00;38576,00;2560,00;2567,00;2672640,00;2672640,00;11,00;519,00;3568,64;73,00;4096,00;4096,00;4096,00;20884480,00;20884480,00;0,00;0,00;0,00;9,00;0,00;585,00;574,00;0,00;0,00;0,00;0,00;3568,64;73,00;4096,00;20884480,00;20884480,00;0,00;0,00;1042,08;31,00;38576,00;2672640,00;2672640,00;11,00;519,00;133,17;4,00;2645,00;387072,00;387072,00;0,00;76,00;19,35;0,00;378,00;97280,00;97280,00;0,00;20,00;4,86;0,00;95,00;33792,00;33792,00;0,00;20,00;1,69;0,00;33,00;0,00;0,00;0,00;0,00;LFP-Replace-0Resync1-1-NonBlocking-m1024-f400-d4-s0
LFP,Replace,0Resync,1,NonBlocking;0,10;10,00;0,03;6000,00;0,01;0,00;4096,00;100,00;3,00;5,00;50000000,00;400;false;0,20;4,00;8,00;5,00;0,00;false;0;Success;18798,08;21,86;88,48;676,00;97542144,00;97542144,00;5,67;6,32;4,76;41,00;4,30;0,00;21,00;1,00;1,00;0,00;0,00;0,00;0,00;741,99;16,00;3832,00;365,00;380,00;3178496,00;3178496,00;0,00;135,00;4080,99;126,00;39445,00;2560,00;2601,00;11911168,00;11911168,00;53,00;541,00;13970,80;259,00;4096,00;4096,00;4096,00;82452480,00;82452480,00;0,00;0,00;0,00;32,00;0,00;585,00;529,00;0,00;0,00;0,00;0,00;13970,80;259,00;4096,00;82452480,00;82452480,00;0,00;0,00;4080,99;126,00;39445,00;11911168,00;11911168,00;53,00;541,00;589,82;15,00;3089,00;2375680,00;2375680,00;0,00;95,00;118,78;1,00;580,00;667648,00;667648,00;0,00;35,00;33,38;0,00;163,00;135168,00;135168,00;0,00;5,00;4,30;0,00;21,00;0,00;0,00;0,00;0,00;LFP-Replace-0Resync1-1-NonBlocking-m4096-f400-d4-s0
LFP,Replace,0Resync,1,NonBlocking;0,10;10,00;0,03;6000,00;0,01;0,00;16384,00;100,00;3,00;5,00;50000000,00;400;false;0,20;4,00;8,00;5,00;0,00;false;0;Success;74355,01;134,81;58,59;1023,00;410222592,00;410222592,00;33,55;34,91;31,85;207,00;59,80;0,00;73,00;1,00;1,00;0,00;0,00;0,00;0,00;4565,74;142,00;6918,00;365,00;507,00;32833536,00;32833536,00;0,00;407,00;15133,12;901,00;42130,00;2560,00;2767,00;63143936,00;63143936,00;319,00;619,00;54596,35;1430,00;4096,00;4096,00;4096,00;314245120,00;314245120,00;0,00;0,00;0,00;111,00;0,00;585,00;236,00;0,00;0,00;0,00;0,00;54596,35;1430,00;4096,00;314245120,00;314245120,00;0,00;0,00;15133,12;901,00;42130,00;63143936,00;63143936,00;319,00;619,00;3087,00;132,00;5105,00;23117824,00;23117824,00;0,00;169,00;1133,04;9,00;1391,00;6979584,00;6979584,00;0,00;102,00;345,70;1,00;422,00;2736128,00;2736128,00;0,00;136,00;59,80;0,00;73,00;0,00;0,00;0,00;0,00;LFP-Replace-0Resync1-1-NonBlocking-m16384-f400-d4-s0
LFP,Replace,0Resync,1,NonBlocking;0,10;10,00;0,03;6000,00;0,01;0,00;1024,00;100,00;3,00;5,00;50000000,00;400;false;0,20;4,00;8,00;5,00;0,00;false;0;Success;4769,80;5,88;97,27;635,00;24075264,00;24075264,00;1,54;1,78;1,19;7,00;1,69;0,00;33,00;1,00;1,00;0,00;0,00;0,00;0,00;157,39;4,00;3118,00;365,00;369,00;518144,00;518144,00;0,00;116,00;1042,08;31,00;38576,00;2560,00;2567,00;2672640,00;2672640,00;11,00;519,00;3568,64;73,00;4096,00;4096,00;4096,00;20884480,00;20884480,00;0,00;0,00;0,00;9,00;0,00;585,00;574,00;0,00;0,00;0,00;0,00;3568,64;73,00;4096,00;20884480,00;20884480,00;0,00;0,00;1042,08;31,00;38576,00;2672640,00;2672640,00;11,00;519,00;133,17;4,00;2645,00;387072,00;387072,00;0,00;76,00;19,35;0,00;378,00;97280,00;97280,00;0,00;20,00;4,86;0,00;95,00;33792,00;33792,00;0,00;20,00;1,69;0,00;33,00;0,00;0,00;0,00;0,00;LFP-Replace-0Resync1-1-NonBlocking-m1024-f400-d4-s0
LFP,Replace,0Resync,1,Leaves;0,10;10,00;0,03;6000,00;0,01;0,00;1024,00;100,00;3,00;5,00;50000000,00;400;false;0,20;5,00;8,00;5,00;0,00;false;0;Success;38101,47;6,42;96,35;4759,00;191682560,00;191682560,00;1,62;1,54;1,73;116,00;0,61;0,00;12,00;1,00;1,00;0,00;0,00;0,00;0,00;1223,55;42,00;24481,00;2925,00;2963,00;3766272,00;3766272,00;0,00;739,00;8324,84;365,00;326982,00;20480,00;20596,00;20784128,00;20784128,00;142,00;4020,00;28552,47;506,00;32763,00;32768,00;32768,00;167132160,00;167132160,00;0,00;0,00;0,00;81,00;0,00;4681,00;4527,00;0,00;0,00;0,00;0,00;28552,47;506,00;32763,00;167132160,00;167132160,00;0,00;0,00;8324,84;365,00;326982,00;20784128,00;20784128,00;142,00;4020,00;1036,82;37,00;20834,00;2982912,00;2982912,00;0,00;565,00;148,17;5,00;2894,00;572416,00;572416,00;0,00;113,00;28,62;0,00;559,00;198656,00;198656,00;0,00;57,00;9,93;0,00;194,00;12288,00;12288,00;0,00;4,00;LFP-Replace-0Resync1-1-Leaves-m1024-f400-d5-s0
LFP,Replace,0Resync,1,Leaves;0,10;10,00;0,03;6000,00;0,01;0,00;1024,00;100,00;3,00;5,00;50000000,00;400;false;0,20;4,00;8,00;5,00;0,00;false;0;Success;4769,43;5,93;97,24;630,00;24065024,00;24065024,00;1,54;1,78;1,19;9,00;1,74;0,00;34,00;1,00;1,00;0,00;0,00;0,00;0,00;156,72;4,00;3109,00;365,00;369,00;527360,00;527360,00;0,00;116,00;1042,32;31,00;41237,00;2560,00;2569,00;2653184,00;2653184,00;12,00;514,00;3568,64;73,00;4096,00;4096,00;4096,00;20884480,00;20884480,00;0,00;0,00;0,00;9,00;0,00;585,00;572,00;0,00;0,00;0,00;0,00;3568,64;73,00;4096,00;20884480,00;20884480,00;0,00;0,00;1042,32;31,00;41237,00;2653184,00;2653184,00;12,00;514,00;132,10;4,00;2628,00;393216,00;393216,00;0,00;76,00;19,66;0,00;384,00;99328,00;99328,00;0,00;20,00;4,97;0,00;97,00;34816,00;34816,00;0,00;20,00;1,74;0,00;34,00;0,00;0,00;0,00;0,00;LFP-Replace-0Resync1-1-Leaves-m1024-f400-d4-s0
LFP,Replace,0Resync,1,Leaves;0,10;10,00;0,03;6000,00;0,01;0,00;1024,00;100,00;3,00;5,00;50000000,00;400;false;0,20;3,00;8,00;5,00;0,00;false;0;Success;595,30;3,56;97,66;76,00;2990080,00;2990080,00;1,37;1,37;1,36;1,00;0,26;0,00;5,00;1,00;1,00;0,00;0,00;0,00;0,00;18,69;0,00;377,00;45,00;45,00;66560,00;66560,00;0,00;13,00;129,64;5,00;5096,00;320,00;321,00;322560,00;322560,00;3,00;63,00;446,72;7,00;512,00;512,00;512,00;2600960,00;2600960,00;0,00;0,00;0,00;1,00;0,00;73,00;72,00;0,00;0,00;0,00;0,00;446,72;7,00;512,00;2600960,00;2600960,00;0,00;0,00;129,64;5,00;5096,00;322560,00;322560,00;3,00;63,00;16,13;0,00;327,00;51200,00;51200,00;0,00;10,00;2,56;0,00;50,00;15360,00;15360,00;0,00;3,00;0,26;0,00;5,00;0,00;0,00;0,00;0,00;0,00;0,00;0,00;0,00;0,00;0,00;0,00;LFP-Replace-0Resync1-1-Leaves-m1024-f400-d3-s0
LFP,Replace,0Resync,1,Leaves;0,10;10,00;0,03;6000,00;0,01;0,00;1024,00;100,00;3,00;5,00;50000000,00;0;false;0,20;4,00;8,00;5,00;0,00;false;0;Success;4772,10;4,23;100,00;585,00;23966720,00;23966720,00;0,00;0,00;0,00;0,00;0,26;0,00;5,00;1,00;1,00;0,00;0,00;0,00;0,00;149,50;0,00;2920,00;365,00;365,00;373760,00;373760,00;0,00;73,00;1048,58;0,00;40960,00;2560,00;2560,00;2621440,00;2621440,00;0,00;512,00;3573,76;0,00;4096,00;4096,00;4096,00;20971520,00;20971520,00;0,00;0,00;0,00;0,00;0,00;585,00;585,00;0,00;0,00;0,00;0,00;3573,76;0,00;4096,00;20971520,00;20971520,00;0,00;0,00;1048,58;0,00;40960,00;2621440,00;2621440,00;0,00;512,00;131,07;0,00;2560,00;327680,00;327680,00;0,00;64,00;16,38;0,00;320,00;40960,00;40960,00;0,00;8,00;2,05;0,00;40,00;5120,00;5120,00;0,00;1,00;0,26;0,00;5,00;0,00;0,00;0,00;0,00;LFP-Replace-0Resync1-1-Leaves-m1024-f0-d4-s0
LFP,Replace,0Resync,1,Leaves;0,10;10,00;0,03;6000,00;0,01;0,00;1024,00;100,00;3,00;5,00;50000000,00;6400;false;0,20;4,00;8,00;5,00;0,00;false;0;Success;4772,10;4,23;100,00;585,00;23966720,00;23966720,00;0,03;0,02;0,03;0,00;0,26;0,00;5,00;1,00;1,00;0,00;0,00;0,00;0,00;149,50;0,00;2920,00;365,00;365,00;373760,00;373760,00;0,00;73,00;1048,58;1,00;40960,00;2560,00;2560,00;2621440,00;2621440,00;0,00;512,00;3573,76;1,00;4096,00;4096,00;4096,00;20971520,00;20971520,00;0,00;0,00;0,00;1,00;0,00;585,00;585,00;0,00;0,00;0,00;0,00;3573,76;1,00;4096,00;20971520,00;20971520,00;0,00;0,00;1048,58;1,00;40960,00;2621440,00;2621440,00;0,00;512,00;131,07;0,00;2560,00;327680,00;327680,00;0,00;64,00;16,38;0,00;320,00;40960,00;40960,00;0,00;8,00;2,05;0,00;40,00;5120,00;5120,00;0,00;1,00;0,26;0,00;5,00;0,00;0,00;0,00;0,00;LFP-Replace-0Resync1-1-Leaves-m1024-f6400-d4-s0
LFP,Replace,0Resync,1,Leaves;0,10;10,00;0,03;6000,00;0,01;0,00;1024,00;100,00;3,00;5,00;50000000,00;400;false;0,20;4,00;8,00;5,00;0,00;false;0;Success;4769,43;5,93;97,24;630,00;24065024,00;24065024,00;1,54;1,78;1,19;9,00;1,74;0,00;34,00;1,00;1,00;0,00;0,00;0,00;0,00;156,72;4,00;3109,00;365,00;369,00;527360,00;527360,00;0,00;116,00;1042,32;31,00;41237,00;2560,00;2569,00;2653184,00;2653184,00;12,00;514,00;3568,64;73,00;4096,00;4096,00;4096,00;20884480,00;20884480,00;0,00;0,00;0,00;9,00;0,00;585,00;572,00;0,00;0,00;0,00;0,00;3568,64;73,00;4096,00;20884480,00;20884480,00;0,00;0,00;1042,32;31,00;41237,00;2653184,00;2653184,00;12,00;514,00;132,10;4,00;2628,00;393216,00;393216,00;0,00;76,00;19,66;0,00;384,00;99328,00;99328,00;0,00;20,00;4,97;0,00;97,00;34816,00;34816,00;0,00;20,00;1,74;0,00;34,00;0,00;0,00;0,00;0,00;LFP-Replace-0Resync1-1-Leaves-m1024-f400-d4-s0
LFP,Replace,0Resync,1,Leaves;0,10;10,00;0,03;6000,00;0,01;0,00;1024,00;100,00;3,00;5,00;50000000,00;333,333;false;0,20;4,00;8,00;5,00;0,00;false;0;Success;4761,78;4,97;96,58;604,00;23950336,00;23950336,00;1,53;1,78;1,19;12,00;0,87;0,00;17,00;1,00;1,00;0,00;0,00;0,00;0,00;153,04;4,00;3049,00;365,00;368,00;473088,00;473088,00;0,00;96,00;1040,08;31,00;41061,00;2560,00;2572,00;2623488,00;2623488,00;15,00;508,00;3567,79;73,00;4096,00;4096,00;4096,00;20853760,00;20853760,00;0,00;0,00;0,00;9,00;0,00;585,00;570,00;0,00;0,00;0,00;0,00;3567,79;73,00;4096,00;20853760,00;20853760,00;0,00;0,00;1040,08;31,00;41061,00;2623488,00;2623488,00;15,00;508,00;130,25;4,00;2604,00;377856,00;377856,00;0,00;73,00;18,89;0,00;369,00;77824,00;77824,00;0,00;16,00;3,89;0,00;76,00;17408,00;17408,00;0,00;7,00;0,87;0,00;17,00;0,00;0,00;0,00;0,00;LFP-Replace-0Resync1-1-Leaves-m1024-f333.333-d4-s0
LFP,Replace,0Resync,1,Leaves;0,10;10,00;0,03;6000,00;0,01;0,00;1024,00;100,00;3,00;5,00;50000000,00;285,714;false;0,20;4,00;8,00;5,00;0,00;false;0;Success;4757,28;4,99;96,31;607,00;23950336,00;23950336,00;1,97;2,32;1,50;13,00;0,87;0,00;17,00;1,00;1,00;0,00;0,00;0,00;0,00;153,09;5,00;3054,00;365,00;369,00;473088,00;473088,00;0,00;98,00;1038,94;39,00;41126,00;2560,00;2573,00;2633728,00;2633728,00;16,00;509,00;3564,38;95,00;4096,00;4096,00;4096,00;20843520,00;20843520,00;0,00;0,00;0,00;9,00;0,00;585,00;568,00;0,00;0,00;0,00;0,00;3564,38;95,00;4096,00;20843520,00;20843520,00;0,00;0,00;1038,94;39,00;41126,00;2633728,00;2633728,00;16,00;509,00;130,30;5,00;2609,00;379904,00;379904,00;0,00;74,00;19,00;0,00;371,00;75776,00;75776,00;0,00;17,00;3,79;0,00;74,00;17408,00;17408,00;0,00;7,00;0,87;0,00;17,00;0,00;0,00;0,00;0,00;LFP-Replace-0Resync1-1-Leaves-m1024-f285.714-d4-s0
LFP,Replace,0Resync,1,Leaves;0,10;10,00;0,03;6000,00;0,01;0,00;1024,00;100,00;3,00;5,00;50000000,00;250;false;0,20;4,00;8,00;5,00;0,00;false;0;Success;4755,98;5,87;95,24;611,00;23945216,00;23945216,00;2,48;2,86;1,97;15,00;1,74;0,00;34,00;1,00;1,00;0,00;0,00;0,00;0,00;153,86;9,00;3089,00;365,00;371,00;516096,00;516096,00;0,00;106,00;1036,85;49,00;40975,00;2560,00;2575,00;2621440,00;2621440,00;21,00;505,00;3563,53;117,00;4096,00;4096,00;4096,00;20807680,00;20807680,00;0,00;0,00;0,00;10,00;0,00;585,00;564,00;0,00;0,00;0,00;0,00;3563,53;117,00;4096,00;20807680,00;20807680,00;0,00;0,00;1036,85;49,00;40975,00;2621440,00;2621440,00;21,00;505,00;129,79;9,00;2619,00;388096,00;388096,00;0,00;75,00;19,40;0,00;379,00;93184,00;93184,00;0,00;19,00;4,66;0,00;91,00;34816,00;34816,00;0,00;12,00;1,74;0,00;34,00;0,00;0,00;0,00;0,00;LFP-Replace-0Resync1-1-Leaves-m1024-f250-d4-s0
LFP,Replace,0Resync,1,Leaves;0,10;10,00;0,03;6000,00;0,01;0,00;1024,00;100,00;3,00;5,00;50000000,00;222,222;false;0,20;4,00;8,00;5,00;0,00;false;0;Success;4758,87;5,97;94,87;638,00;24042496,00;24042496,00;2,81;3,27;2,17;16,00;1,69;0,00;33,00;1,00;1,00;0,00;0,00;0,00;0,00;158,62;10,00;3186,00;365,00;373,00;566272,00;566272,00;0,00;126,00;1036,74;54,00;41318,00;2560,00;2576,00;2668544,00;2668544,00;22,00;512,00;3561,82;134,00;4096,00;4096,00;4096,00;20807680,00;20807680,00;0,00;0,00;0,00;11,00;0,00;585,00;561,00;0,00;0,00;0,00;0,00;3561,82;134,00;4096,00;20807680,00;20807680,00;0,00;0,00;1036,74;54,00;41318,00;2668544,00;2668544,00;22,00;512,00;131,99;10,00;2666,00;418816,00;418816,00;0,00;82,00;20,94;0,00;409,00;113664,00;113664,00;0,00;24,00;5,68;0,00;111,00;33792,00;33792,00;0,00;20,00;1,69;0,00;33,00;0,00;0,00;0,00;0,00;LFP-Replace-0Resync1-1-Leaves-m1024-f222.222-d4-s0
LFP,Replace,0Resync,1,Leaves;0,10;10,00;0,03;6000,00;0,01;0,00;1024,00;100,00;3,00;5,00;50000000,00;200;false;0,20;4,00;8,00;5,00;0,00;false;0;Success;4757,41;5,71;93,97;625,00;24033280,00;24033280,00;2,99;3,49;2,30;21,00;1,33;0,00;26,00;1,00;1,00;0,00;0,00;0,00;0,00;159,54;10,00;3220,00;365,00;374,00;573440,00;573440,00;0,00;114,00;1035,56;58,00;41307,00;2560,00;2581,00;2672640,00;2672640,00;26,00;511,00;3560,97;143,00;4096,00;4096,00;4096,00;20787200,00;20787200,00;0,00;0,00;0,00;12,00;0,00;585,00;555,00;0,00;0,00;0,00;0,00;3560,97;143,00;4096,00;20787200,00;20787200,00;0,00;0,00;1035,56;58,00;41307,00;2672640,00;2672640,00;26,00;511,00;132,20;10,00;2686,00;434176,00;434176,00;0,00;84,00;21,71;0,00;424,00;112640,00;112640,00;0,00;23,00;5,63;0,00;110,00;26624,00;26624,00;0,00;7,00;1,33;0,00;26,00;0,00;0,00;0,00;0,00;LFP-Replace-0Resync1-1-Leaves-m1024-f200-d4-s0
LFP,Replace,0Resync,1,Leaves;0,10;10,00;0,03;6000,00;0,01;0,00;1024,00;100,00;3,00;5,00;50000000,00;166,666;false;0,20;4,00;8,00;5,00;0,00;false;0;Success;4747,09;5,15;92,85;607,00;23883776,00;23883776,00;3,18;3,71;2,43;24,00;0,87;0,00;17,00;1,00;1,00;0,00;0,00;0,00;0,00;155,49;10,00;3161,00;365,00;374,00;529408,00;529408,00;0,00;105,00;1030,61;62,00;41069,00;2560,00;2584,00;2618368,00;2618368,00;31,00;502,00;3560,12;152,00;4096,00;4096,00;4096,00;20736000,00;20736000,00;0,00;0,00;0,00;12,00;0,00;585,00;552,00;0,00;0,00;0,00;0,00;3560,12;152,00;4096,00;20736000,00;20736000,00;0,00;0,00;1030,61;62,00;41069,00;2618368,00;2618368,00;31,00;502,00;129,89;10,00;2661,00;408576,00;408576,00;0,00;79,00;20,43;0,00;399,00;103424,00;103424,00;0,00;21,00;5,17;0,00;101,00;17408,00;17408,00;0,00;5,00;0,87;0,00;17,00;0,00;0,00;0,00;0,00;LFP-Replace-0Resync1-1-Leaves-m1024-f166.666-d4-s0
LFP,Replace,0Resync,1,Leaves;0,10;10,00;0,03;6000,00;0,01;0,00;1024,00;100,00;3,00;5,00;50000000,00;125;false;0,20;4,00;8,00;5,00;0,00;false;0;Success;4741,51;5,62;90,04;650,00;23987200,00;23987200,00;4,51;5,08;3,73;35,00;0,97;0,00;19,00;1,00;1,00;0,00;0,00;0,00;0,00;163,28;13,00;3362,00;365,00;376,00;646144,00;646144,00;0,00;139,00;1024,81;98,00;41539,00;2560,00;2595,00;2656256,00;2656256,00;44,00;511,00;3552,45;208,00;4096,00;4096,00;4096,00;20684800,00;20684800,00;0,00;0,00;0,00;26,00;0,00;585,00;539,00;0,00;0,00;0,00;0,00;3552,45;208,00;4096,00;20684800,00;20684800,00;0,00;0,00;1024,81;98,00;41539,00;2656256,00;2656256,00;44,00;511,00;131,94;13,00;2750,00;482304,00;482304,00;0,00;95,00;24,12;0,00;471,00;144384,00;144384,00;0,00;35,00;7,22;0,00;141,00;19456,00;19456,00;0,00;9,00;0,97;0,00;19,00;0,00;0,00;0,00;0,00;LFP-Replace-0Resync1-1-Leaves-m1024-f125-d4-s0
LFP,Replace,0Resync,1,Leaves;0,10;10,00;0,03;6000,00;0,01;0,00;1024,00;100,00;3,00;5,00;50000000,00;100;false;0,20;4,00;8,00;5,00;0,00;false;0;Success;5084,05;68,30;8,94;2203,00;30482432,00;30482432,00;67,55;69,17;65,56;84,00;57,60;0,00;1125,00;1,00;1,00;0,00;0,00;0,00;0,00;435,07;395,00;11396,00;365,00;665,00;6080512,00;6080512,00;489,00;1647,00;1044,93;1777,00;44608,00;2560,00;2644,00;3804160,00;3804160,00;437,00;577,00;3546,46;2833,00;4095,00;4096,00;4096,00;20597760,00;20597760,00;0,00;0,00;0,00;201,00;0,00;585,00;201,00;0,00;0,00;0,00;0,00;3546,46;2833,00;4095,00;20597760,00;20597760,00;0,00;0,00;1044,93;1777,00;44608,00;3804160,00;3804160,00;437,00;577,00;195,65;344,00;5642,00;2463744,00;2463744,00;238,00;396,00;121,91;48,00;3236,00;2382848,00;2382848,00;57,00;400,00;117,50;3,00;2518,00;1233920,00;1233920,00;194,00;856,00;57,60;0,00;1125,00;0,00;0,00;0,00;0,00;LFP-Replace-0Resync1-1-Leaves-m1024-f100-d4-s0
LFP,Replace,0Resync,1,Leaves;0,10;10,00;0,03;6000,00;0,01;0,00;1024,00;100,00;3,00;5,00;50000000,00;83,333;false;0,20;4,00;8,00;5,00;0,00;false;0;Success;4722,37;6,33;85,50;664,00;23884800,00;23884800,00;7,67;8,37;6,70;54,00;1,69;0,00;33,00;1,00;1,00;0,00;0,00;0,00;0,00;165,92;22,00;3514,00;365,00;383,00;749568,00;749568,00;0,00;160,00;1009,17;179,00;41548,00;2560,00;2614,00;2650112,00;2650112,00;69,00;504,00;3545,59;343,00;4094,00;4096,00;4096,00;20485120,00;20485120,00;0,00;0,00;0,00;38,00;0,00;585,00;513,00;0,00;0,00;0,00;0,00;3545,59;343,00;4094,00;20485120,00;20485120,00;0,00;0,00;1009,17;179,00;41548,00;2650112,00;2650112,00;69,00;504,00;130,39;21,00;2820,00;538624,00;538624,00;0,00;100,00;26,93;1,00;526,00;172032,00;172032,00;0,00;39,00;8,60;0,00;168,00;38912,00;38912,00;0,00;21,00;1,69;0,00;33,00;0,00;0,00;0,00;0,00;LFP-Replace-0Resync1-1-Leaves-m1024-f83.333-d4-s0
LFP,Replace,0Resync,1,Leaves;0,10;10,00;0,03;6000,00;0,01;0,00;256,00;100,00;3,00;5,00;50000000,00;400;false;0,20;4,00;8,00;5,00;0,00;false;0;Success;1251,80;1,75;98,88;592,00;5996032,00;5996032,00;0,41;0,54;0,24;4,00;0,06;0,00;5,00;1,00;1,00;0,00;0,00;0,00;0,00;37,79;0,00;2972,00;365,00;365,00;103168,00;103168,00;0,00;81,00;261,63;7,00;41002,00;2560,00;2564,00;653824,00;653824,00;5,00;511,00;952,32;22,00;4096,00;4096,00;4096,00;5239040,00;5239040,00;0,00;0,00;0,00;1,00;0,00;585,00;581,00;0,00;0,00;0,00;0,00;952,32;22,00;4096,00;5239040,00;5239040,00;0,00;0,00;261,63;7,00;41002,00;653824,00;653824,00;5,00;511,00;32,69;0,00;2574,00;86784,00;86784,00;0,00;68,00;4,34;0,00;339,00;15104,00;15104,00;0,00;12,00;0,76;0,00;59,00;1280,00;1280,00;0,00;1,00;0,06;0,00;5,00;0,00;0,00;0,00;0,00;LFP-Replace-0Resync1-1-Leaves-m256-f400-d4-s0
LFP,Replace,0Resync,1,Leaves;0,10;10,00;0,03;6000,00;0,01;0,00;1024,00;100,00;3,00;5,00;50000000,00;400;false;0,20;4,00;8,00;5,00;0,00;false;0;Success;4769,43;5,93;97,24;630,00;24065024,00;24065024,00;1,54;1,78;1,19;9,00;1,74;0,00;34,00;1,00;1,00;0,00;0,00;0,00;0,00;156,72;4,00;3109,00;365,00;369,00;527360,00;527360,00;0,00;116,00;1042,32;31,00;41237,00;2560,00;2569,00;2653184,00;2653184,00;12,00;514,00;3568,64;73,00;4096,00;4096,00;4096,00;20884480,00;20884480,00;0,00;0,00;0,00;9,00;0,00;585,00;572,00;0,00;0,00;0,00;0,00;3568,64;73,00;4096,00;20884480,00;20884480,00;0,00;0,00;1042,32;31,00;41237,00;2653184,00;2653184,00;12,00;514,00;132,10;4,00;2628,00;393216,00;393216,00;0,00;76,00;19,66;0,00;384,00;99328,00;99328,00;0,00;20,00;4,97;0,00;97,00;34816,00;34816,00;0,00;20,00;1,74;0,00;34,00;0,00;0,00;0,00;0,00;LFP-Replace-0Resync1-1-Leaves-m1024-f400-d4-s0
LFP,Replace,0Resync,1,Leaves;0,10;10,00;0,03;6000,00;0,01;0,00;4096,00;100,00;3,00;5,00;50000000,00;400;false;0,20;4,00;8,00;5,00;0,00;false;0;Success;18666,64;19,12;88,45;603,00;94826496,00;94826496,00;4,85;5,47;3,99;43,00;4,30;0,00;21,00;1,00;1,00;0,00;0,00;0,00;0,00;611,33;13,00;3186,00;365,00;378,00;2035712,00;2035712,00;0,00;105,00;4080,21;106,00;41508,00;2560,00;2603,00;10338304,00;10338304,00;51,00;498,00;13970,80;224,00;4096,00;4096,00;4096,00;82452480,00;82452480,00;0,00;0,00;0,00;28,00;0,00;585,00;529,00;0,00;0,00;0,00;0,00;13970,80;224,00;4096,00;82452480,00;82452480,00;0,00;0,00;4080,21;106,00;41508,00;10338304,00;10338304,00;51,00;498,00;513,84;13,00;2710,00;1658880,00;1658880,00;0,00;80,00;82,94;0,00;405,00;290816,00;290816,00;0,00;16,00;14,54;0,00;71,00;86016,00;86016,00;0,00;9,00;4,30;0,00;21,00;0,00;0,00;0,00;0,00;LFP-Replace-0Resync1-1-Leaves-m4096-f400-d4-s0
LFP,Replace,0Resync,1,Leaves;0,10;10,00;0,03;6000,00;0,01;0,00;16384,00;100,00;3,00;5,00;50000000,00;400;false;0,20;4,00;8,00;5,00;0,00;false;0;Success;74896,55;280,96;0,00;1341,00;427573248,00;427573248,00;69,84;70,95;68,51;281,00;222,82;0,00;272,00;1,00;1,00;0,00;0,00;0,00;0,00;4941,92;373,00;8954,00;365,00;562,00;58343424,00;58343424,00;558,00;682,00;15135,46;1959,00;48149,00;2560,00;2841,00;54984704,00;54984704,00;515,00;669,00;54596,35;2906,00;4096,00;4096,00;4096,00;314245120,00;314245120,00;0,00;0,00;0,00;107,00;0,00;585,00;107,00;0,00;0,00;0,00;0,00;54596,35;2906,00;4096,00;314245120,00;314245120,00;0,00;0,00;15135,46;1959,00;48149,00;54984704,00;54984704,00;515,00;669,00;2678,23;332,00;5352,00;32669696,00;32669696,00;172,00;194,00;1569,83;37,00;2442,00;16580608,00;16580608,00;132,00;178,00;693,86;4,00;1160,00;9093120,00;9093120,00;254,00;321,00;222,82;0,00;272,00;0,00;0,00;0,00;0,00;LFP-Replace-0Resync1-1-Leaves-m16384-f400-d4-s0
LFP,Replace,0Resync,1,Leaves;0,10;10,00;0,03;6000,00;0,01;0,00;1024,00;100,00;3,00;5,00;50000000,00;400;false;0,20;4,00;8,00;5,00;0,00;false;0;Success;4769,43;5,93;97,24;630,00;24065024,00;24065024,00;1,54;1,78;1,19;9,00;1,74;0,00;34,00;1,00;1,00;0,00;0,00;0,00;0,00;156,72;4,00;3109,00;365,00;369,00;527360,00;527360,00;0,00;116,00;1042,32;31,00;41237,00;2560,00;2569,00;2653184,00;2653184,00;12,00;514,00;3568,64;73,00;4096,00;4096,00;4096,00;20884480,00;20884480,00;0,00;0,00;0,00;9,00;0,00;585,00;572,00;0,00;0,00;0,00;0,00;3568,64;73,00;4096,00;20884480,00;20884480,00;0,00;0,00;1042,32;31,00;41237,00;2653184,00;2653184,00;12,00;514,00;132,10;4,00;2628,00;393216,00;393216,00;0,00;76,00;19,66;0,00;384,00;99328,00;99328,00;0,00;20,00;4,97;0,00;97,00;34816,00;34816,00;0,00;20,00;1,74;0,00;34,00;0,00;0,00;0,00;0,00;LFP-Replace-0Resync1-1-Leaves-m1024-f400-d4-s0
